element,name,x_m,N_N,Vy_N,Vz_N,Vres_N,My_Nm,Mz_Nm,Mres_Nm
1,col_F2,0.0,44100.0,-4877.754259110863,8157.366206300037,9504.478419984973,-7930.6782866087615,-4787.387839541996,9263.624582844572
1,col_F2,0.0375,44100.0,-4877.754259110863,8157.366206300037,9504.478419984973,-7624.77705387251,-4604.472054825339,8907.209890023263
1,col_F2,0.075,44100.0,-4877.754259110863,8157.366206300037,9504.478419984973,-7318.875821136258,-4421.556270108681,8550.795467963804
1,col_F2,0.1125,44100.0,-4877.754259110863,8157.366206300037,9504.478419984973,-7012.974588400008,-4238.640485392024,8194.381351996537
1,col_F2,0.15,44100.0,-4877.754259110863,8157.366206300037,9504.478419984973,-6707.073355663756,-4055.724700675367,7837.96758387804
1,col_F2,0.1875,44100.0,-4877.754259110863,8157.366206300037,9504.478419984973,-6401.1721229275045,-3872.8089159587093,7481.5542133218205
1,col_F2,0.225,44100.0,-4877.754259110863,8157.366206300037,9504.478419984973,-6095.270890191253,-3689.893131242052,7125.141299988383
1,col_F2,0.2625,44100.0,-4877.754259110863,8157.366206300037,9504.478419984973,-5789.369657455001,-3506.9773465253948,6768.728916104037
1,col_F2,0.3,44100.0,-4877.754259110863,8157.366206300037,9504.478419984973,-5483.468424718751,-3324.061561808737,6412.31714995304
1,col_F2,0.3375,44100.0,-4877.754259110863,8157.366206300037,9504.478419984973,-5177.567191982498,-3141.1457770920797,6055.906110602849
1,col_F2,0.375,44100.0,-4877.754259110863,8157.366206300037,9504.478419984973,-4871.665959246247,-2958.2299923754226,5699.495934402283
1,col_F2,0.4125,44100.0,-4877.754259110863,8157.366206300037,9504.478419984973,-4565.764726509997,-2775.314207658765,5343.086794080319
1,col_F2,0.45,44100.0,-4877.754259110863,8157.366206300037,9504.478419984973,-4259.863493773744,-2592.3984229421076,4986.678911746672
1,col_F2,0.4875,44100.0,-4877.754259110863,8157.366206300037,9504.478419984973,-3953.962261037493,-2409.4826382254505,4630.272577896317
1,col_F2,0.525,44100.0,-4877.754259110863,8157.366206300037,9504.478419984973,-3648.061028301242,-2226.566853508793,4273.868179922535
1,col_F2,0.5625,44100.0,-4877.754259110863,8157.366206300037,9504.478419984973,-3342.1597955649904,-2043.6510687921354,3917.4662461936105
1,col_F2,0.6,44100.0,-4877.754259110863,8157.366206300037,9504.478419984973,-3036.258562828739,-1860.7352840754784,3561.067516595872
1,col_F2,0.6375,44100.0,-4877.754259110863,8157.366206300037,9504.478419984973,-2730.357330092488,-1677.8194993588208,3204.673060144898
1,col_F2,0.675,44100.0,-4877.754259110863,8157.366206300037,9504.478419984973,-2424.4560973562357,-1494.9037146421633,2848.2844808864807
1,col_F2,0.7125,44100.0,-4877.754259110863,8157.366206300037,9504.478419984973,-2118.554864619985,-1311.9879299255058,2491.9043004648506
1,col_F2,0.75,44100.0,-4877.754259110863,8157.366206300037,9504.478419984973,-1812.6536318837334,-1129.0721452088487,2135.5367236991738
1,col_F2,0.7875,44100.0,-4877.754259110863,8157.366206300037,9504.478419984973,-1506.7523991474818,-946.1563604921917,1779.1893240564712
1,col_F2,0.825,44100.0,-4877.754259110863,8157.366206300037,9504.478419984973,-1200.8511664112311,-763.2405757755341,1422.8772611793975
1,col_F2,0.8625,44100.0,-4877.754259110863,8157.366206300037,9504.478419984973,-894.9499336749786,-580.3247910588761,1066.635948626511
1,col_F2,0.9,44100.0,-4877.754259110863,8157.366206300037,9504.478419984973,-589.048700938728,-397.4090063422191,710.5718052382271
1,col_F2,0.9375,44100.0,-4877.754259110863,8157.366206300037,9504.478419984973,-283.1474682024764,-214.493221625562,355.2180047137037
1,col_F2,0.975,44100.0,-4877.754259110863,8157.366206300037,9504.478419984973,22.75376453377521,-31.57743690890493,38.92130935868368
1,col_F2,1.0125,44100.0,-4877.754259110863,8157.366206300037,9504.478419984973,328.6549972700268,151.33834780775305,361.8250996652136
1,col_F2,1.05,44100.0,-4877.754259110863,8157.366206300037,9504.478419984973,634.5562300062775,334.2541325244101,717.2080828807116
1,col_F2,1.0875,44100.0,-4877.754259110863,8157.366206300037,9504.478419984973,940.4574627425282,517.1699172410672,1073.2776726119137
1,col_F2,1.125,44100.0,-4877.754259110863,8157.366206300037,9504.478419984973,1246.3586954787806,700.0857019577252,1429.5208945241789
1,col_F2,1.1625,44100.0,-4877.754259110863,8157.366206300037,9504.478419984973,1552.2599282150331,883.0014866743832,1785.8338417140915
1,col_F2,1.2,44100.0,-4877.754259110863,8157.366206300037,9504.478419984973,1858.1611609512838,1065.9172713910393,2142.1817218708456
1,col_F2,1.2375,44100.0,-4877.754259110863,8157.366206300037,9504.478419984973,2164.0623936875345,1248.8330561076973,2498.549588421233
1,col_F2,1.275,44100.0,-4877.754259110863,8157.366206300037,9504.478419984973,2469.963626423785,1431.7488408243544,2854.9299569443765
1,col_F2,1.3125,44100.0,-4877.754259110863,8157.366206300037,9504.478419984973,2775.8648591600377,1614.6646255410114,3211.318665173712
1,col_F2,1.35,44100.0,-4877.754259110863,8157.366206300037,9504.478419984973,3081.76609189629,1797.5804102576694,3567.713213881388
1,col_F2,1.3875,44100.0,-4877.754259110863,8157.366206300037,9504.478419984973,3387.667324632541,1980.4961949743265,3924.1120117411
1,col_F2,1.425,44100.0,-4877.754259110863,8157.366206300037,9504.478419984973,3693.5685573687915,2163.4119796909845,4280.513997390248
1,col_F2,1.4625,44100.0,-4877.754259110863,8157.366206300037,9504.478419984973,3999.469790105042,2346.3277644076406,4636.9184357710055
1,col_F2,1.5,44100.0,-4877.754259110863,8157.366206300037,9504.478419984973,4305.371022841295,2529.2435491242986,4993.324801683581
1,col_F2,1.5375,44100.0,-4877.754259110863,8157.366206300037,9504.478419984973,4611.272255577547,2712.1593338409566,5349.732709883725
1,col_F2,1.575,44100.0,-4877.754259110863,8157.366206300037,9504.478419984973,4917.173488313798,2895.0751185576128,5706.141871375742
1,col_F2,1.6125,44100.0,-4877.754259110863,8157.366206300037,9504.478419984973,5223.0747210500485,3077.9909032742707,6062.552065121685
1,col_F2,1.65,44100.0,-4877.754259110863,8157.366206300037,9504.478419984973,5528.975953786299,3260.906687990928,6418.963119175174
1,col_F2,1.6875,44100.0,-4877.754259110863,8157.366206300037,9504.478419984973,5834.877186522552,3443.822472707585,6775.374897769651
1,col_F2,1.725,44100.0,-4877.754259110863,8157.366206300037,9504.478419984973,6140.778419258804,3626.738257424244,7131.787292278093
1,col_F2,1.7625,44100.0,-4877.754259110863,8157.366206300037,9504.478419984973,6446.679651995055,3809.654042140901,7488.200214754383
1,col_F2,1.8,44100.0,-4877.754259110863,8157.366206300037,9504.478419984973,6752.580884731306,3992.569826857558,7844.613593235298
1,col_F2,1.8375,44100.0,-4877.754259110863,8157.366206300037,9504.478419984973,7058.482117467556,4175.485611574215,8201.027368267502
1,col_F2,1.875,44100.0,-4877.754259110863,8157.366206300037,9504.478419984973,7364.383350203809,4358.401396290872,8557.441490302419
1,col_F2,1.9125,44100.0,-4877.754259110863,8157.366206300037,9504.478419984973,7670.284582940061,4541.317181007531,8913.855917716091
1,col_F2,1.95,44100.0,-4877.754259110863,8157.366206300037,9504.478419984973,7976.185815676312,4724.232965724186,9270.270615285788
1,col_F2,1.9875,44100.0,-4877.754259110863,8157.366206300037,9504.478419984973,8282.087048412563,4907.148750440845,9626.685553005056
1,col_F2,2.025,44100.0,-4877.754259110863,8157.366206300037,9504.478419984973,8587.988281148815,5090.064535157502,9983.10070515256
1,col_F2,2.0625,44100.0,-4877.754259110863,8157.366206300037,9504.478419984973,8893.889513885066,5272.980319874159,10339.516049553524
1,col_F2,2.1,44100.0,-4877.754259110863,8157.366206300037,9504.478419984973,9199.790746621316,5455.896104590816,10695.931566988846
1,col_F2,2.1375,44100.0,-4877.754259110863,8157.366206300037,9504.478419984973,9505.69197935757,5638.811889307475,11052.347240718516
1,col_F2,2.175,44100.0,-4877.754259110863,8157.366206300037,9504.478419984973,9811.593212093818,5821.7276740241305,11408.763056094376
1,col_F2,2.2125,44100.0,-4877.754259110863,8157.366206300037,9504.478419984973,10117.494444830072,6004.6434587407875,11765.179000243299
1,col_F2,2.25,44100.0,-4877.754259110863,8157.366206300037,9504.478419984973,10423.395677566323,6187.559243457446,12121.595061806182
1,col_F2,2.2875,44100.0,-4877.754259110863,8157.366206300037,9504.478419984973,10729.296910302573,6370.4750281741035,12478.011230721753
1,col_F2,2.325,44100.0,-4877.754259110863,8157.366206300037,9504.478419984973,11035.198143038828,6553.390812890762,12834.427498046363
1,col_F2,2.3625,44100.0,-4877.754259110863,8157.366206300037,9504.478419984973,11341.099375775075,6736.306597607418,13190.843855802972
1,col_F2,2.4,44100.0,-4877.754259110863,8157.366206300037,9504.478419984973,11647.00060851133,6919.222382324075,13547.260296854036
1,col_F2,2.4375,44100.0,-4877.754259110863,8157.366206300037,9504.478419984973,11952.90184124758,7102.138167040734,13903.676814793866
1,col_F2,2.475,44100.0,-4877.754259110863,8157.366206300037,9504.478419984973,12258.80307398383,7285.053951757391,14260.093403857192
1,col_F2,2.5125,44100.0,-4877.754259110863,8157.366206300037,9504.478419984973,12564.704306720085,7467.969736474048,14616.51005884108
1,col_F2,2.55,44100.0,-4877.754259110863,8157.366206300037,9504.478419984973,12870.605539456332,7650.885521190705,14972.926775037991
1,col_F2,2.5875,44100.0,-4877.754259110863,8157.366206300037,9504.478419984973,13176.506772192586,7833.801305907362,15329.343548178213
1,col_F2,2.625,44100.0,-4877.754259110863,8157.366206300037,9504.478419984973,13482.408004928837,8016.717090624019,15685.760374380083
1,col_F2,2.6625,44100.0,-4877.754259110863,8157.366206300037,9504.478419984973,13788.309237665087,8199.632875340678,16042.177250106919
1,col_F2,2.7,44100.0,-4877.754259110863,8157.366206300037,9504.478419984973,14094.210470401342,8382.548660057335,16398.594172129506
1,col_F2,2.7375,44100.0,-4877.754259110863,8157.366206300037,9504.478419984973,14400.111703137589,8565.46444477399,16755.01113749339
1,col_F2,2.775,44100.0,-4877.754259110863,8157.366206300037,9504.478419984973,14706.012935873843,8748.380229490649,17111.428143490295
1,col_F2,2.8125,44100.0,-4877.754259110863,8157.366206300037,9504.478419984973,15011.914168610094,8931.296014207306,17467.845187632956
1,col_F2,2.85,44100.0,-4877.754259110863,8157.366206300037,9504.478419984973,15317.815401346345,9114.211798923965,17824.262267633072
1,col_F2,2.8875,44100.0,-4877.754259110863,8157.366206300037,9504.478419984973,15623.716634082599,9297.127583640622,18180.679381381782
1,col_F2,2.925,44100.0,-4877.754259110863,8157.366206300037,9504.478419984973,15929.617866818846,9480.043368357277,18537.096526932393
1,col_F2,2.9625,44100.0,-4877.754259110863,8157.366206300037,9504.478419984973,16235.5190995551,9662.959153073936,18893.513702485143
1,col_F2,3.0,44100.0,-4877.754259110863,8157.366206300037,9504.478419984973,16541.420332291353,9845.874937790593,19249.930906373527
2,col_G2,0.0,44100.0,-4877.754259110863,-8157.366206300032,9504.478419984967,7930.678286608754,-4787.387839541997,9263.624582844566
2,col_G2,0.0375,44100.0,-4877.754259110863,-8157.366206300032,9504.478419984967,7624.777053872503,-4604.47205482534,8907.209890023258
2,col_G2,0.075,44100.0,-4877.754259110863,-8157.366206300032,9504.478419984967,7318.875821136252,-4421.556270108682,8550.795467963799
2,col_G2,0.1125,44100.0,-4877.754259110863,-8157.366206300032,9504.478419984967,7012.9745884,-4238.640485392025,8194.381351996532
2,col_G2,0.15,44100.0,-4877.754259110863,-8157.366206300032,9504.478419984967,6707.07335566375,-4055.724700675368,7837.967583878036
2,col_G2,0.1875,44100.0,-4877.754259110863,-8157.366206300032,9504.478419984967,6401.172122927498,-3872.8089159587103,7481.554213321816
2,col_G2,0.225,44100.0,-4877.754259110863,-8157.366206300032,9504.478419984967,6095.2708901912465,-3689.8931312420527,7125.141299988378
2,col_G2,0.2625,44100.0,-4877.754259110863,-8157.366206300032,9504.478419984967,5789.369657454996,-3506.9773465253957,6768.7289161040335
2,col_G2,0.3,44100.0,-4877.754259110863,-8157.366206300032,9504.478419984967,5483.468424718745,-3324.061561808738,6412.317149953035
2,col_G2,0.3375,44100.0,-4877.754259110863,-8157.366206300032,9504.478419984967,5177.567191982493,-3141.1457770920806,6055.906110602846
2,col_G2,0.375,44100.0,-4877.754259110863,-8157.366206300032,9504.478419984967,4871.665959246242,-2958.2299923754235,5699.495934402279
2,col_G2,0.4125,44100.0,-4877.754259110863,-8157.366206300032,9504.478419984967,4565.764726509991,-2775.314207658766,5343.0867940803155
2,col_G2,0.45,44100.0,-4877.754259110863,-8157.366206300032,9504.478419984967,4259.86349377374,-2592.3984229421085,4986.678911746669
2,col_G2,0.4875,44100.0,-4877.754259110863,-8157.366206300032,9504.478419984967,3953.9622610374886,-2409.4826382254514,4630.272577896313
2,col_G2,0.525,44100.0,-4877.754259110863,-8157.366206300032,9504.478419984967,3648.0610283012375,-2226.566853508794,4273.868179922531
2,col_G2,0.5625,44100.0,-4877.754259110863,-8157.366206300032,9504.478419984967,3342.159795564986,-2043.6510687921364,3917.466246193607
2,col_G2,0.6,44100.0,-4877.754259110863,-8157.366206300032,9504.478419984967,3036.258562828735,-1860.7352840754793,3561.067516595869
2,col_G2,0.6375,44100.0,-4877.754259110863,-8157.366206300032,9504.478419984967,2730.3573300924845,-1677.8194993588218,3204.6730601448953
2,col_G2,0.675,44100.0,-4877.754259110863,-8157.366206300032,9504.478419984967,2424.456097356232,-1494.9037146421642,2848.284480886478
2,col_G2,0.7125,44100.0,-4877.754259110863,-8157.366206300032,9504.478419984967,2118.5548646199813,-1311.9879299255067,2491.904300464848
2,col_G2,0.75,44100.0,-4877.754259110863,-8157.366206300032,9504.478419984967,1812.6536318837298,-1129.0721452088496,2135.536723699171
2,col_G2,0.7875,44100.0,-4877.754259110863,-8157.366206300032,9504.478419984967,1506.752399147479,-946.1563604921926,1779.1893240564693
2,col_G2,0.825,44100.0,-4877.754259110863,-8157.366206300032,9504.478419984967,1200.8511664112284,-763.240575775535,1422.8772611793956
2,col_G2,0.8625,44100.0,-4877.754259110863,-8157.366206300032,9504.478419984967,894.9499336749759,-580.324791058877,1066.6359486265092
2,col_G2,0.9,44100.0,-4877.754259110863,-8157.366206300032,9504.478419984967,589.0487009387252,-397.40900634222,710.5718052382254
2,col_G2,0.9375,44100.0,-4877.754259110863,-8157.366206300032,9504.478419984967,283.14746820247456,-214.4932216255629,355.2180047137028
2,col_G2,0.975,44100.0,-4877.754259110863,-8157.366206300032,9504.478419984967,-22.75376453377703,-31.577436908905838,38.921309358685484
2,col_G2,1.0125,44100.0,-4877.754259110863,-8157.366206300032,9504.478419984967,-328.6549972700286,151.33834780775214,361.82509966521485
2,col_G2,1.05,44100.0,-4877.754259110863,-8157.366206300032,9504.478419984967,-634.5562300062793,334.2541325244092,717.2080828807127
2,col_G2,1.0875,44100.0,-4877.754259110863,-8157.366206300032,9504.478419984967,-940.45746274253,517.1699172410663,1073.2776726119148
2,col_G2,1.125,44100.0,-4877.754259110863,-8157.366206300032,9504.478419984967,-1246.3586954787825,700.0857019577243,1429.52089452418
2,col_G2,1.1625,44100.0,-4877.754259110863,-8157.366206300032,9504.478419984967,-1552.2599282150331,883.0014866743822,1785.833841714091
2,col_G2,1.2,44100.0,-4877.754259110863,-8157.366206300032,9504.478419984967,-1858.1611609512838,1065.9172713910384,2142.181721870845
2,col_G2,1.2375,44100.0,-4877.754259110863,-8157.366206300032,9504.478419984967,-2164.0623936875363,1248.8330561076964,2498.549588421234
2,col_G2,1.275,44100.0,-4877.754259110863,-8157.366206300032,9504.478419984967,-2469.963626423785,1431.7488408243535,2854.929956944376
2,col_G2,1.3125,44100.0,-4877.754259110863,-8157.366206300032,9504.478419984967,-2775.8648591600377,1614.6646255410105,3211.3186651737115
2,col_G2,1.35,44100.0,-4877.754259110863,-8157.366206300032,9504.478419984967,-3081.76609189629,1797.5804102576685,3567.7132138813877
2,col_G2,1.3875,44100.0,-4877.754259110863,-8157.366206300032,9504.478419984967,-3387.667324632539,1980.4961949743256,3924.112011741098
2,col_G2,1.425,44100.0,-4877.754259110863,-8157.366206300032,9504.478419984967,-3693.5685573687915,2163.4119796909836,4280.513997390248
2,col_G2,1.4625,44100.0,-4877.754259110863,-8157.366206300032,9504.478419984967,-3999.469790105042,2346.3277644076397,4636.918435771005
2,col_G2,1.5,44100.0,-4877.754259110863,-8157.366206300032,9504.478419984967,-4305.371022841295,2529.2435491242977,4993.3248016835805
2,col_G2,1.5375,44100.0,-4877.754259110863,-8157.366206300032,9504.478419984967,-4611.272255577545,2712.1593338409557,5349.732709883723
2,col_G2,1.575,44100.0,-4877.754259110863,-8157.366206300032,9504.478419984967,-4917.173488313796,2895.075118557612,5706.14187137574
2,col_G2,1.6125,44100.0,-4877.754259110863,-8157.366206300032,9504.478419984967,-5223.0747210500485,3077.99090327427,6062.552065121684
2,col_G2,1.65,44100.0,-4877.754259110863,-8157.366206300032,9504.478419984967,-5528.975953786297,3260.906687990927,6418.963119175172
2,col_G2,1.6875,44100.0,-4877.754259110863,-8157.366206300032,9504.478419984967,-5834.87718652255,3443.822472707584,6775.37489776965
2,col_G2,1.725,44100.0,-4877.754259110863,-8157.366206300032,9504.478419984967,-6140.778419258802,3626.738257424243,7131.787292278092
2,col_G2,1.7625,44100.0,-4877.754259110863,-8157.366206300032,9504.478419984967,-6446.679651995051,3809.6540421409,7488.200214754379
2,col_G2,1.8,44100.0,-4877.754259110863,-8157.366206300032,9504.478419984967,-6752.580884731304,3992.569826857557,7844.613593235295
2,col_G2,1.8375,44100.0,-4877.754259110863,-8157.366206300032,9504.478419984967,-7058.482117467554,4175.485611574214,8201.0273682675
2,col_G2,1.875,44100.0,-4877.754259110863,-8157.366206300032,9504.478419984967,-7364.383350203805,4358.401396290871,8557.441490302415
2,col_G2,1.9125,44100.0,-4877.754259110863,-8157.366206300032,9504.478419984967,-7670.284582940058,4541.31718100753,8913.855917716088
2,col_G2,1.95,44100.0,-4877.754259110863,-8157.366206300032,9504.478419984967,-7976.185815676308,4724.232965724185,9270.270615285785
2,col_G2,1.9875,44100.0,-4877.754259110863,-8157.366206300032,9504.478419984967,-8282.087048412559,4907.148750440844,9626.685553005052
2,col_G2,2.025,44100.0,-4877.754259110863,-8157.366206300032,9504.478419984967,-8587.988281148811,5090.064535157501,9983.100705152556
2,col_G2,2.0625,44100.0,-4877.754259110863,-8157.366206300032,9504.478419984967,-8893.889513885062,5272.980319874158,10339.51604955352
2,col_G2,2.1,44100.0,-4877.754259110863,-8157.366206300032,9504.478419984967,-9199.790746621313,5455.896104590815,10695.931566988842
2,col_G2,2.1375,44100.0,-4877.754259110863,-8157.366206300032,9504.478419984967,-9505.691979357567,5638.811889307474,11052.347240718513
2,col_G2,2.175,44100.0,-4877.754259110863,-8157.366206300032,9504.478419984967,-9811.593212093814,5821.72767402413,11408.763056094373
2,col_G2,2.2125,44100.0,-4877.754259110863,-8157.366206300032,9504.478419984967,-10117.494444830065,6004.643458740787,11765.179000243292
2,col_G2,2.25,44100.0,-4877.754259110863,-8157.366206300032,9504.478419984967,-10423.39567756632,6187.5592434574455,12121.595061806178
2,col_G2,2.2875,44100.0,-4877.754259110863,-8157.366206300032,9504.478419984967,-10729.29691030257,6370.475028174103,12478.01123072175
2,col_G2,2.325,44100.0,-4877.754259110863,-8157.366206300032,9504.478419984967,-11035.19814303882,6553.3908128907615,12834.427498046356
2,col_G2,2.3625,44100.0,-4877.754259110863,-8157.366206300032,9504.478419984967,-11341.099375775071,6736.306597607417,13190.843855802968
2,col_G2,2.4,44100.0,-4877.754259110863,-8157.366206300032,9504.478419984967,-11647.000608511322,6919.222382324074,13547.26029685403
2,col_G2,2.4375,44100.0,-4877.754259110863,-8157.366206300032,9504.478419984967,-11952.901841247573,7102.138167040733,13903.676814793858
2,col_G2,2.475,44100.0,-4877.754259110863,-8157.366206300032,9504.478419984967,-12258.803073983827,7285.05395175739,14260.093403857189
2,col_G2,2.5125,44100.0,-4877.754259110863,-8157.366206300032,9504.478419984967,-12564.704306720078,7467.969736474047,14616.510058841075
2,col_G2,2.55,44100.0,-4877.754259110863,-8157.366206300032,9504.478419984967,-12870.605539456325,7650.885521190704,14972.926775037984
2,col_G2,2.5875,44100.0,-4877.754259110863,-8157.366206300032,9504.478419984967,-13176.506772192579,7833.801305907361,15329.343548178205
2,col_G2,2.625,44100.0,-4877.754259110863,-8157.366206300032,9504.478419984967,-13482.40800492883,8016.717090624018,15685.760374380077
2,col_G2,2.6625,44100.0,-4877.754259110863,-8157.366206300032,9504.478419984967,-13788.30923766508,8199.632875340678,16042.177250106914
2,col_G2,2.7,44100.0,-4877.754259110863,-8157.366206300032,9504.478419984967,-14094.210470401335,8382.548660057335,16398.594172129502
2,col_G2,2.7375,44100.0,-4877.754259110863,-8157.366206300032,9504.478419984967,-14400.111703137582,8565.464444773988,16755.011137493384
2,col_G2,2.775,44100.0,-4877.754259110863,-8157.366206300032,9504.478419984967,-14706.012935873832,8748.380229490649,17111.428143490284
2,col_G2,2.8125,44100.0,-4877.754259110863,-8157.366206300032,9504.478419984967,-15011.914168610087,8931.296014207306,17467.84518763295
2,col_G2,2.85,44100.0,-4877.754259110863,-8157.366206300032,9504.478419984967,-15317.815401346337,9114.211798923963,17824.262267633065
2,col_G2,2.8875,44100.0,-4877.754259110863,-8157.366206300032,9504.478419984967,-15623.716634082588,9297.12758364062,18180.67938138177
2,col_G2,2.925,44100.0,-4877.754259110863,-8157.366206300032,9504.478419984967,-15929.617866818839,9480.043368357277,18537.096526932386
2,col_G2,2.9625,44100.0,-4877.754259110863,-8157.366206300032,9504.478419984967,-16235.51909955509,9662.959153073934,18893.513702485132
2,col_G2,3.0,44100.0,-4877.754259110863,-8157.366206300032,9504.478419984967,-16541.420332291345,9845.874937790592,19249.93090637352
3,col_G3,0.0,44100.00000000001,4877.754259110865,-8157.366206300037,9504.478419984973,7930.67828660876,4787.387839541998,9263.624582844572
3,col_G3,0.0375,44100.00000000001,4877.754259110865,-8157.366206300037,9504.478419984973,7624.777053872508,4604.472054825341,8907.209890023263
3,col_G3,0.075,44100.00000000001,4877.754259110865,-8157.366206300037,9504.478419984973,7318.8758211362565,4421.556270108683,8550.795467963804
3,col_G3,0.1125,44100.00000000001,4877.754259110865,-8157.366206300037,9504.478419984973,7012.974588400006,4238.640485392026,8194.381351996537
3,col_G3,0.15,44100.00000000001,4877.754259110865,-8157.366206300037,9504.478419984973,6707.073355663754,4055.7247006753682,7837.9675838780395
3,col_G3,0.1875,44100.00000000001,4877.754259110865,-8157.366206300037,9504.478419984973,6401.172122927503,3872.8089159587107,7481.55421332182
3,col_G3,0.225,44100.00000000001,4877.754259110865,-8157.366206300037,9504.478419984973,6095.270890191251,3689.893131242053,7125.141299988382
3,col_G3,0.2625,44100.00000000001,4877.754259110865,-8157.366206300037,9504.478419984973,5789.3696574549995,3506.9773465253957,6768.728916104036
3,col_G3,0.3,44100.00000000001,4877.754259110865,-8157.366206300037,9504.478419984973,5483.468424718749,3324.0615618087386,6412.317149953039
3,col_G3,0.3375,44100.00000000001,4877.754259110865,-8157.366206300037,9504.478419984973,5177.567191982496,3141.1457770920806,6055.9061106028485
3,col_G3,0.375,44100.00000000001,4877.754259110865,-8157.366206300037,9504.478419984973,4871.665959246246,2958.2299923754235,5699.495934402282
3,col_G3,0.4125,44100.00000000001,4877.754259110865,-8157.366206300037,9504.478419984973,4565.764726509995,2775.3142076587665,5343.086794080318
3,col_G3,0.45,44100.00000000001,4877.754259110865,-8157.366206300037,9504.478419984973,4259.863493773742,2592.3984229421085,4986.6789117466715
3,col_G3,0.4875,44100.00000000001,4877.754259110865,-8157.366206300037,9504.478419984973,3953.9622610374913,2409.4826382254514,4630.272577896316
3,col_G3,0.525,44100.00000000001,4877.754259110865,-8157.366206300037,9504.478419984973,3648.06102830124,2226.566853508794,4273.868179922534
3,col_G3,0.5625,44100.00000000001,4877.754259110865,-8157.366206300037,9504.478419984973,3342.1597955649886,2043.6510687921364,3917.466246193609
3,col_G3,0.6,44100.00000000001,4877.754259110865,-8157.366206300037,9504.478419984973,3036.258562828737,1860.7352840754788,3561.0675165958705
3,col_G3,0.6375,44100.00000000001,4877.754259110865,-8157.366206300037,9504.478419984973,2730.3573300924863,1677.8194993588218,3204.6730601448967
3,col_G3,0.675,44100.00000000001,4877.754259110865,-8157.366206300037,9504.478419984973,2424.456097356234,1494.9037146421638,2848.2844808864793
3,col_G3,0.7125,44100.00000000001,4877.754259110865,-8157.366206300037,9504.478419984973,2118.554864619983,1311.9879299255067,2491.9043004648497
3,col_G3,0.75,44100.00000000001,4877.754259110865,-8157.366206300037,9504.478419984973,1812.6536318837316,1129.0721452088492,2135.5367236991724
3,col_G3,0.7875,44100.00000000001,4877.754259110865,-8157.366206300037,9504.478419984973,1506.75239914748,946.1563604921917,1779.1893240564696
3,col_G3,0.825,44100.00000000001,4877.754259110865,-8157.366206300037,9504.478419984973,1200.8511664112293,763.2405757755346,1422.877261179396
3,col_G3,0.8625,44100.00000000001,4877.754259110865,-8157.366206300037,9504.478419984973,894.9499336749768,580.324791058877,1066.6359486265098
3,col_G3,0.9,44100.00000000001,4877.754259110865,-8157.366206300037,9504.478419984973,589.0487009387261,397.4090063422191,710.5718052382256
3,col_G3,0.9375,44100.00000000001,4877.754259110865,-8157.366206300037,9504.478419984973,283.14746820247456,214.493221625562,355.21800471370227
3,col_G3,0.975,44100.00000000001,4877.754259110865,-8157.366206300037,9504.478419984973,-22.75376453377703,31.57743690890493,38.921309358684745
3,col_G3,1.0125,44100.00000000001,4877.754259110865,-8157.366206300037,9504.478419984973,-328.6549972700286,-151.33834780775305,361.82509966521525
3,col_G3,1.05,44100.00000000001,4877.754259110865,-8157.366206300037,9504.478419984973,-634.5562300062793,-334.2541325244101,717.2080828807132
3,col_G3,1.0875,44100.00000000001,4877.754259110865,-8157.366206300037,9504.478419984973,-940.45746274253,-517.1699172410672,1073.2776726119152
3,col_G3,1.125,44100.00000000001,4877.754259110865,-8157.366206300037,9504.478419984973,-1246.3586954787825,-700.0857019577252,1429.5208945241804
3,col_G3,1.1625,44100.00000000001,4877.754259110865,-8157.366206300037,9504.478419984973,-1552.259928215035,-883.0014866743832,1785.833841714093
3,col_G3,1.2,44100.00000000001,4877.754259110865,-8157.366206300037,9504.478419984973,-1858.1611609512856,-1065.9172713910402,2142.181721870848
3,col_G3,1.2375,44100.00000000001,4877.754259110865,-8157.366206300037,9504.478419984973,-2164.0623936875363,-1248.8330561076973,2498.5495884212346
3,col_G3,1.275,44100.00000000001,4877.754259110865,-8157.366206300037,9504.478419984973,-2469.963626423787,-1431.7488408243544,2854.929956944378
3,col_G3,1.3125,44100.00000000001,4877.754259110865,-8157.366206300037,9504.478419984973,-2775.8648591600395,-1614.6646255410124,3211.3186651737137
3,col_G3,1.35,44100.00000000001,4877.754259110865,-8157.366206300037,9504.478419984973,-3081.766091896292,-1797.5804102576703,3567.7132138813904
3,col_G3,1.3875,44100.00000000001,4877.754259110865,-8157.366206300037,9504.478419984973,-3387.6673246325427,-1980.4961949743274,3924.112011741102
3,col_G3,1.425,44100.00000000001,4877.754259110865,-8157.366206300037,9504.478419984973,-3693.5685573687933,-2163.4119796909845,4280.51399739025
3,col_G3,1.4625,44100.00000000001,4877.754259110865,-8157.366206300037,9504.478419984973,-3999.469790105044,-2346.3277644076416,4636.918435771007
3,col_G3,1.5,44100.00000000001,4877.754259110865,-8157.366206300037,9504.478419984973,-4305.3710228412965,-2529.2435491242995,4993.324801683583
3,col_G3,1.5375,44100.00000000001,4877.754259110865,-8157.366206300037,9504.478419984973,-4611.272255577549,-2712.1593338409575,5349.732709883727
3,col_G3,1.575,44100.00000000001,4877.754259110865,-8157.366206300037,9504.478419984973,-4917.1734883138,-2895.0751185576146,5706.141871375745
3,col_G3,1.6125,44100.00000000001,4877.754259110865,-8157.366206300037,9504.478419984973,-5223.07472105005,-3077.9909032742717,6062.552065121687
3,col_G3,1.65,44100.00000000001,4877.754259110865,-8157.366206300037,9504.478419984973,-5528.975953786301,-3260.9066879909287,6418.963119175176
3,col_G3,1.6875,44100.00000000001,4877.754259110865,-8157.366206300037,9504.478419984973,-5834.8771865225535,-3443.8224727075867,6775.374897769654
3,col_G3,1.725,44100.00000000001,4877.754259110865,-8157.366206300037,9504.478419984973,-6140.778419258806,-3626.738257424244,7131.787292278095
3,col_G3,1.7625,44100.00000000001,4877.754259110865,-8157.366206300037,9504.478419984973,-6446.679651995057,-3809.654042140901,7488.200214754384
3,col_G3,1.8,44100.00000000001,4877.754259110865,-8157.366206300037,9504.478419984973,-6752.580884731307,-3992.5698268575597,7844.6135932353
3,col_G3,1.8375,44100.00000000001,4877.754259110865,-8157.366206300037,9504.478419984973,-7058.482117467558,-4175.485611574217,8201.027368267503
3,col_G3,1.875,44100.00000000001,4877.754259110865,-8157.366206300037,9504.478419984973,-7364.383350203811,-4358.401396290874,8557.441490302423
3,col_G3,1.9125,44100.00000000001,4877.754259110865,-8157.366206300037,9504.478419984973,-7670.284582940063,-4541.317181007531,8913.855917716093
3,col_G3,1.95,44100.00000000001,4877.754259110865,-8157.366206300037,9504.478419984973,-7976.185815676314,-4724.232965724188,9270.27061528579
3,col_G3,1.9875,44100.00000000001,4877.754259110865,-8157.366206300037,9504.478419984973,-8282.087048412564,-4907.148750440847,9626.685553005058
3,col_G3,2.025,44100.00000000001,4877.754259110865,-8157.366206300037,9504.478419984973,-8587.988281148817,-5090.064535157504,9983.100705152563
3,col_G3,2.0625,44100.00000000001,4877.754259110865,-8157.366206300037,9504.478419984973,-8893.889513885068,-5272.980319874161,10339.516049553527
3,col_G3,2.1,44100.00000000001,4877.754259110865,-8157.366206300037,9504.478419984973,-9199.790746621318,-5455.896104590818,10695.931566988847
3,col_G3,2.1375,44100.00000000001,4877.754259110865,-8157.366206300037,9504.478419984973,-9505.691979357573,-5638.811889307477,11052.347240718518
3,col_G3,2.175,44100.00000000001,4877.754259110865,-8157.366206300037,9504.478419984973,-9811.59321209382,-5821.727674024132,11408.763056094378
3,col_G3,2.2125,44100.00000000001,4877.754259110865,-8157.366206300037,9504.478419984973,-10117.494444830074,-6004.643458740791,11765.179000243303
3,col_G3,2.25,44100.00000000001,4877.754259110865,-8157.366206300037,9504.478419984973,-10423.395677566325,-6187.559243457448,12121.595061806183
3,col_G3,2.2875,44100.00000000001,4877.754259110865,-8157.366206300037,9504.478419984973,-10729.296910302575,-6370.475028174105,12478.011230721755
3,col_G3,2.325,44100.00000000001,4877.754259110865,-8157.366206300037,9504.478419984973,-11035.19814303883,-6553.390812890764,12834.427498046367
3,col_G3,2.3625,44100.00000000001,4877.754259110865,-8157.366206300037,9504.478419984973,-11341.099375775077,-6736.3065976074195,13190.843855802974
3,col_G3,2.4,44100.00000000001,4877.754259110865,-8157.366206300037,9504.478419984973,-11647.000608511331,-6919.222382324078,13547.26029685404
3,col_G3,2.4375,44100.00000000001,4877.754259110865,-8157.366206300037,9504.478419984973,-11952.901841247582,-7102.138167040735,13903.676814793867
3,col_G3,2.475,44100.00000000001,4877.754259110865,-8157.366206300037,9504.478419984973,-12258.803073983832,-7285.0539517573925,14260.093403857194
3,col_G3,2.5125,44100.00000000001,4877.754259110865,-8157.366206300037,9504.478419984973,-12564.704306720087,-7467.969736474051,14616.510058841084
3,col_G3,2.55,44100.00000000001,4877.754259110865,-8157.366206300037,9504.478419984973,-12870.605539456334,-7650.885521190707,14972.926775037993
3,col_G3,2.5875,44100.00000000001,4877.754259110865,-8157.366206300037,9504.478419984973,-13176.506772192588,-7833.8013059073655,15329.343548178216
3,col_G3,2.625,44100.00000000001,4877.754259110865,-8157.366206300037,9504.478419984973,-13482.408004928839,-8016.717090624023,15685.760374380086
3,col_G3,2.6625,44100.00000000001,4877.754259110865,-8157.366206300037,9504.478419984973,-13788.30923766509,-8199.63287534068,16042.177250106923
3,col_G3,2.7,44100.00000000001,4877.754259110865,-8157.366206300037,9504.478419984973,-14094.210470401344,-8382.548660057339,16398.59417212951
3,col_G3,2.7375,44100.00000000001,4877.754259110865,-8157.366206300037,9504.478419984973,-14400.11170313759,-8565.464444773994,16755.011137493395
3,col_G3,2.775,44100.00000000001,4877.754259110865,-8157.366206300037,9504.478419984973,-14706.012935873845,-8748.380229490653,17111.4281434903
3,col_G3,2.8125,44100.00000000001,4877.754259110865,-8157.366206300037,9504.478419984973,-15011.914168610096,-8931.29601420731,17467.84518763296
3,col_G3,2.85,44100.00000000001,4877.754259110865,-8157.366206300037,9504.478419984973,-15317.815401346346,-9114.211798923967,17824.262267633076
3,col_G3,2.8875,44100.00000000001,4877.754259110865,-8157.366206300037,9504.478419984973,-15623.7166340826,-9297.127583640626,18180.679381381786
3,col_G3,2.925,44100.00000000001,4877.754259110865,-8157.366206300037,9504.478419984973,-15929.617866818848,-9480.043368357281,18537.096526932397
3,col_G3,2.9625,44100.00000000001,4877.754259110865,-8157.366206300037,9504.478419984973,-16235.519099555102,-9662.95915307394,18893.513702485146
3,col_G3,3.0,44100.00000000001,4877.754259110865,-8157.366206300037,9504.478419984973,-16541.420332291353,-9845.874937790597,19249.930906373527
4,col_F3,0.0,44100.00000000003,4877.754259110863,8157.366206300035,9504.47841998497,-7930.678286608758,4787.387839541997,9263.624582844568
4,col_F3,0.0375,44100.00000000003,4877.754259110863,8157.366206300035,9504.47841998497,-7624.777053872506,4604.47205482534,8907.209890023261
4,col_F3,0.075,44100.00000000003,4877.754259110863,8157.366206300035,9504.47841998497,-7318.875821136256,4421.556270108682,8550.795467963802
4,col_F3,0.1125,44100.00000000003,4877.754259110863,8157.366206300035,9504.47841998497,-7012.974588400004,4238.640485392025,8194.381351996533
4,col_F3,0.15,44100.00000000003,4877.754259110863,8157.366206300035,9504.47841998497,-6707.073355663752,4055.724700675368,7837.967583878038
4,col_F3,0.1875,44100.00000000003,4877.754259110863,8157.366206300035,9504.47841998497,-6401.172122927501,3872.8089159587103,7481.554213321818
4,col_F3,0.225,44100.00000000003,4877.754259110863,8157.366206300035,9504.47841998497,-6095.27089019125,3689.8931312420527,7125.1412999883805
4,col_F3,0.2625,44100.00000000003,4877.754259110863,8157.366206300035,9504.47841998497,-5789.369657454999,3506.9773465253957,6768.728916104035
4,col_F3,0.3,44100.00000000003,4877.754259110863,8157.366206300035,9504.47841998497,-5483.468424718747,3324.061561808738,6412.317149953037
4,col_F3,0.3375,44100.00000000003,4877.754259110863,8157.366206300035,9504.47841998497,-5177.567191982496,3141.1457770920806,6055.9061106028485
4,col_F3,0.375,44100.00000000003,4877.754259110863,8157.366206300035,9504.47841998497,-4871.665959246245,2958.2299923754235,5699.495934402281
4,col_F3,0.4125,44100.00000000003,4877.754259110863,8157.366206300035,9504.47841998497,-4565.764726509993,2775.314207658766,5343.086794080316
4,col_F3,0.45,44100.00000000003,4877.754259110863,8157.366206300035,9504.47841998497,-4259.863493773742,2592.3984229421085,4986.6789117466715
4,col_F3,0.4875,44100.00000000003,4877.754259110863,8157.366206300035,9504.47841998497,-3953.962261037491,2409.4826382254514,4630.272577896315
4,col_F3,0.525,44100.00000000003,4877.754259110863,8157.366206300035,9504.47841998497,-3648.0610283012393,2226.566853508794,4273.868179922533
4,col_F3,0.5625,44100.00000000003,4877.754259110863,8157.366206300035,9504.47841998497,-3342.1597955649886,2043.6510687921364,3917.466246193609
4,col_F3,0.6,44100.00000000003,4877.754259110863,8157.366206300035,9504.47841998497,-3036.258562828737,1860.7352840754793,3561.0675165958705
4,col_F3,0.6375,44100.00000000003,4877.754259110863,8157.366206300035,9504.47841998497,-2730.3573300924863,1677.8194993588218,3204.6730601448967
4,col_F3,0.675,44100.00000000003,4877.754259110863,8157.366206300035,9504.47841998497,-2424.456097356234,1494.9037146421642,2848.2844808864793
4,col_F3,0.7125,44100.00000000003,4877.754259110863,8157.366206300035,9504.47841998497,-2118.554864619983,1311.9879299255067,2491.9043004648497
4,col_F3,0.75,44100.00000000003,4877.754259110863,8157.366206300035,9504.47841998497,-1812.6536318837316,1129.0721452088496,2135.5367236991724
4,col_F3,0.7875,44100.00000000003,4877.754259110863,8157.366206300035,9504.47841998497,-1506.752399147481,946.1563604921926,1779.1893240564707
4,col_F3,0.825,44100.00000000003,4877.754259110863,8157.366206300035,9504.47841998497,-1200.8511664112293,763.240575775535,1422.8772611793963
4,col_F3,0.8625,44100.00000000003,4877.754259110863,8157.366206300035,9504.47841998497,-894.9499336749777,580.324791058877,1066.6359486265108
4,col_F3,0.9,44100.00000000003,4877.754259110863,8157.366206300035,9504.47841998497,-589.0487009387261,397.40900634222,710.571805238226
4,col_F3,0.9375,44100.00000000003,4877.754259110863,8157.366206300035,9504.47841998497,-283.14746820247547,214.4932216255629,355.2180047137035
4,col_F3,0.975,44100.00000000003,4877.754259110863,8157.366206300035,9504.47841998497,22.75376453377612,31.577436908905838,38.92130935868495
4,col_F3,1.0125,44100.00000000003,4877.754259110863,8157.366206300035,9504.47841998497,328.6549972700268,-151.33834780775214,361.8250996652132
4,col_F3,1.05,44100.00000000003,4877.754259110863,8157.366206300035,9504.47841998497,634.5562300062793,-334.2541325244092,717.2080828807127
4,col_F3,1.0875,44100.00000000003,4877.754259110863,8157.366206300035,9504.47841998497,940.45746274253,-517.1699172410663,1073.2776726119148
4,col_F3,1.125,44100.00000000003,4877.754259110863,8157.366206300035,9504.47841998497,1246.3586954787806,-700.0857019577243,1429.5208945241784
4,col_F3,1.1625,44100.00000000003,4877.754259110863,8157.366206300035,9504.47841998497,1552.2599282150331,-883.0014866743822,1785.833841714091
4,col_F3,1.2,44100.00000000003,4877.754259110863,8157.366206300035,9504.47841998497,1858.1611609512838,-1065.9172713910384,2142.181721870845
4,col_F3,1.2375,44100.00000000003,4877.754259110863,8157.366206300035,9504.47841998497,2164.0623936875363,-1248.8330561076964,2498.549588421234
4,col_F3,1.275,44100.00000000003,4877.754259110863,8157.366206300035,9504.47841998497,2469.963626423785,-1431.7488408243535,2854.929956944376
4,col_F3,1.3125,44100.00000000003,4877.754259110863,8157.366206300035,9504.47841998497,2775.8648591600377,-1614.6646255410105,3211.3186651737115
4,col_F3,1.35,44100.00000000003,4877.754259110863,8157.366206300035,9504.47841998497,3081.76609189629,-1797.5804102576685,3567.7132138813877
4,col_F3,1.3875,44100.00000000003,4877.754259110863,8157.366206300035,9504.47841998497,3387.667324632541,-1980.4961949743256,3924.1120117410996
4,col_F3,1.425,44100.00000000003,4877.754259110863,8157.366206300035,9504.47841998497,3693.5685573687915,-2163.4119796909836,4280.513997390248
4,col_F3,1.4625,44100.00000000003,4877.754259110863,8157.366206300035,9504.47841998497,3999.469790105042,-2346.3277644076397,4636.918435771005
4,col_F3,1.5,44100.00000000003,4877.754259110863,8157.366206300035,9504.47841998497,4305.371022841295,-2529.2435491242977,4993.3248016835805
4,col_F3,1.5375,44100.00000000003,4877.754259110863,8157.366206300035,9504.47841998497,4611.272255577545,-2712.1593338409557,5349.732709883723
4,col_F3,1.575,44100.00000000003,4877.754259110863,8157.366206300035,9504.47841998497,4917.173488313796,-2895.075118557612,5706.14187137574
4,col_F3,1.6125,44100.00000000003,4877.754259110863,8157.366206300035,9504.47841998497,5223.0747210500485,-3077.99090327427,6062.552065121684
4,col_F3,1.65,44100.00000000003,4877.754259110863,8157.366206300035,9504.47841998497,5528.975953786299,-3260.906687990927,6418.963119175173
4,col_F3,1.6875,44100.00000000003,4877.754259110863,8157.366206300035,9504.47841998497,5834.87718652255,-3443.822472707584,6775.37489776965
4,col_F3,1.725,44100.00000000003,4877.754259110863,8157.366206300035,9504.47841998497,6140.778419258802,-3626.738257424243,7131.787292278092
4,col_F3,1.7625,44100.00000000003,4877.754259110863,8157.366206300035,9504.47841998497,6446.679651995053,-3809.6540421409,7488.200214754381
4,col_F3,1.8,44100.00000000003,4877.754259110863,8157.366206300035,9504.47841998497,6752.580884731306,-3992.569826857557,7844.613593235297
4,col_F3,1.8375,44100.00000000003,4877.754259110863,8157.366206300035,9504.47841998497,7058.482117467554,-4175.485611574214,8201.0273682675
4,col_F3,1.875,44100.00000000003,4877.754259110863,8157.366206300035,9504.47841998497,7364.383350203807,-4358.401396290871,8557.441490302417
4,col_F3,1.9125,44100.00000000003,4877.754259110863,8157.366206300035,9504.47841998497,7670.284582940059,-4541.31718100753,8913.85591771609
4,col_F3,1.95,44100.00000000003,4877.754259110863,8157.366206300035,9504.47841998497,7976.18581567631,-4724.232965724185,9270.270615285786
4,col_F3,1.9875,44100.00000000003,4877.754259110863,8157.366206300035,9504.47841998497,8282.08704841256,-4907.148750440844,9626.685553005054
4,col_F3,2.025,44100.00000000003,4877.754259110863,8157.366206300035,9504.47841998497,8587.988281148811,-5090.064535157501,9983.100705152556
4,col_F3,2.0625,44100.00000000003,4877.754259110863,8157.366206300035,9504.47841998497,8893.889513885062,-5272.980319874158,10339.51604955352
4,col_F3,2.1,44100.00000000003,4877.754259110863,8157.366206300035,9504.47841998497,9199.790746621316,-5455.896104590815,10695.931566988844
4,col_F3,2.1375,44100.00000000003,4877.754259110863,8157.366206300035,9504.47841998497,9505.691979357567,-5638.811889307474,11052.347240718513
4,col_F3,2.175,44100.00000000003,4877.754259110863,8157.366206300035,9504.47841998497,9811.593212093818,-5821.72767402413,11408.763056094376
4,col_F3,2.2125,44100.00000000003,4877.754259110863,8157.366206300035,9504.47841998497,10117.494444830068,-6004.643458740787,11765.179000243295
4,col_F3,2.25,44100.00000000003,4877.754259110863,8157.366206300035,9504.47841998497,10423.39567756632,-6187.5592434574455,12121.595061806178
4,col_F3,2.2875,44100.00000000003,4877.754259110863,8157.366206300035,9504.47841998497,10729.296910302573,-6370.475028174103,12478.011230721753
4,col_F3,2.325,44100.00000000003,4877.754259110863,8157.366206300035,9504.47841998497,11035.198143038824,-6553.3908128907615,12834.42749804636
4,col_F3,2.3625,44100.00000000003,4877.754259110863,8157.366206300035,9504.47841998497,11341.099375775071,-6736.306597607417,13190.843855802968
4,col_F3,2.4,44100.00000000003,4877.754259110863,8157.366206300035,9504.47841998497,11647.000608511325,-6919.222382324074,13547.260296854032
4,col_F3,2.4375,44100.00000000003,4877.754259110863,8157.366206300035,9504.47841998497,11952.901841247576,-7102.138167040733,13903.676814793862
4,col_F3,2.475,44100.00000000003,4877.754259110863,8157.366206300035,9504.47841998497,12258.80307398383,-7285.05395175739,14260.09340385719
4,col_F3,2.5125,44100.00000000003,4877.754259110863,8157.366206300035,9504.47841998497,12564.704306720081,-7467.969736474047,14616.510058841077
4,col_F3,2.55,44100.00000000003,4877.754259110863,8157.366206300035,9504.47841998497,12870.605539456328,-7650.885521190704,14972.926775037988
4,col_F3,2.5875,44100.00000000003,4877.754259110863,8157.366206300035,9504.47841998497,13176.506772192583,-7833.801305907361,15329.343548178209
4,col_F3,2.625,44100.00000000003,4877.754259110863,8157.366206300035,9504.47841998497,13482.408004928833,-8016.717090624018,15685.76037438008
4,col_F3,2.6625,44100.00000000003,4877.754259110863,8157.366206300035,9504.47841998497,13788.309237665084,-8199.632875340678,16042.177250106917
4,col_F3,2.7,44100.00000000003,4877.754259110863,8157.366206300035,9504.47841998497,14094.210470401338,-8382.548660057335,16398.594172129506
4,col_F3,2.7375,44100.00000000003,4877.754259110863,8157.366206300035,9504.47841998497,14400.111703137585,-8565.464444773988,16755.011137493388
4,col_F3,2.775,44100.00000000003,4877.754259110863,8157.366206300035,9504.47841998497,14706.01293587384,-8748.380229490649,17111.42814349029
4,col_F3,2.8125,44100.00000000003,4877.754259110863,8157.366206300035,9504.47841998497,15011.91416861009,-8931.296014207306,17467.845187632953
4,col_F3,2.85,44100.00000000003,4877.754259110863,8157.366206300035,9504.47841998497,15317.81540134634,-9114.211798923963,17824.26226763307
4,col_F3,2.8875,44100.00000000003,4877.754259110863,8157.366206300035,9504.47841998497,15623.716634082595,-9297.12758364062,18180.679381381775
4,col_F3,2.925,44100.00000000003,4877.754259110863,8157.366206300035,9504.47841998497,15929.617866818842,-9480.043368357277,18537.09652693239
4,col_F3,2.9625,44100.00000000003,4877.754259110863,8157.366206300035,9504.47841998497,16235.519099555093,-9662.959153073934,18893.513702485136
4,col_F3,3.0,44100.00000000003,4877.754259110863,8157.366206300035,9504.47841998497,16541.420332291345,-9845.874937790592,19249.93090637352
5,viga_eje_2,0.0,8157.366206300035,-3.071228205242302e-13,22050.0,22050.0,-16541.420332291356,-9.357211902895788e-13,16541.420332291356
5,viga_eje_2,0.075,8157.366206300035,-3.071228205242302e-13,21498.75,21498.75,-14908.342207291356,-9.126869787502615e-13,14908.342207291356
5,viga_eje_2,0.15,8157.366206300035,-3.071228205242302e-13,20947.5,20947.5,-13316.607832291356,-8.896527672109443e-13,13316.607832291356
5,viga_eje_2,0.225,8157.366206300035,-3.071228205242302e-13,20396.25,20396.25,-11766.217207291356,-8.66618555671627e-13,11766.217207291356
5,viga_eje_2,0.3,8157.366206300035,-3.071228205242302e-13,19845.0,19845.0,-10257.170332291356,-8.435843441323097e-13,10257.170332291356
5,viga_eje_2,0.375,8157.366206300035,-3.071228205242302e-13,19293.75,19293.75,-8789.467207291356,-8.205501325929925e-13,8789.467207291356
5,viga_eje_2,0.45,8157.366206300035,-3.071228205242302e-13,18742.5,18742.5,-7363.107832291356,-7.975159210536753e-13,7363.107832291356
5,viga_eje_2,0.525,8157.366206300035,-3.071228205242302e-13,18191.25,18191.25,-5978.092207291356,-7.744817095143579e-13,5978.092207291356
5,viga_eje_2,0.6,8157.366206300035,-3.071228205242302e-13,17640.0,17640.0,-4634.420332291356,-7.514474979750407e-13,4634.420332291356
5,viga_eje_2,0.675,8157.366206300035,-3.071228205242302e-13,17088.75,17088.75,-3332.0922072913545,-7.284132864357235e-13,3332.0922072913545
5,viga_eje_2,0.75,8157.366206300035,-3.071228205242302e-13,16537.5,16537.5,-2071.1078322913563,-7.053790748964062e-13,2071.1078322913563
5,viga_eje_2,0.825,8157.366206300035,-3.071228205242302e-13,15986.25,15986.25,-851.4672072913559,-6.823448633570889e-13,851.4672072913559
5,viga_eje_2,0.9,8157.366206300035,-3.071228205242302e-13,15435.0,15435.0,326.8296677086437,-6.593106518177717e-13,326.8296677086437
5,viga_eje_2,0.975,8157.366206300035,-3.071228205242302e-13,14883.75,14883.75,1463.7827927086437,-6.362764402784544e-13,1463.7827927086437
5,viga_eje_2,1.05,8157.366206300035,-3.071228205242302e-13,14332.5,14332.5,2559.3921677086437,-6.132422287391371e-13,2559.3921677086437
5,viga_eje_2,1.125,8157.366206300035,-3.071228205242302e-13,13781.25,13781.25,3613.6577927086437,-5.902080171998198e-13,3613.6577927086437
5,viga_eje_2,1.2,8157.366206300035,-3.071228205242302e-13,13230.0,13230.0,4626.579667708644,-5.671738056605026e-13,4626.579667708644
5,viga_eje_2,1.275,8157.366206300035,-3.071228205242302e-13,12678.75,12678.75,5598.157792708641,-5.441395941211853e-13,5598.157792708641
5,viga_eje_2,1.35,8157.366206300035,-3.071228205242302e-13,12127.5,12127.5,6528.392167708646,-5.211053825818681e-13,6528.392167708646
5,viga_eje_2,1.425,8157.366206300035,-3.071228205242302e-13,11576.25,11576.25,7417.282792708643,-4.980711710425508e-13,7417.282792708643
5,viga_eje_2,1.5,8157.366206300035,-3.071228205242302e-13,11025.0,11025.0,8264.829667708644,-4.750369595032335e-13,8264.829667708644
5,viga_eje_2,1.575,8157.366206300035,-3.071228205242302e-13,10473.75,10473.75,9071.032792708644,-4.520027479639163e-13,9071.032792708644
5,viga_eje_2,1.65,8157.366206300035,-3.071228205242302e-13,9922.5,9922.5,9835.892167708646,-4.2896853642459907e-13,9835.892167708646
5,viga_eje_2,1.725,8157.366206300035,-3.071228205242302e-13,9371.25,9371.25,10559.407792708642,-4.0593432488528174e-13,10559.407792708642
5,viga_eje_2,1.8,8157.366206300035,-3.071228205242302e-13,8820.0,8820.0,11241.579667708644,-3.829001133459645e-13,11241.579667708644
5,viga_eje_2,1.875,8157.366206300035,-3.071228205242302e-13,8268.75,8268.75,11882.407792708644,-3.598659018066472e-13,11882.407792708644
5,viga_eje_2,1.95,8157.366206300035,-3.071228205242302e-13,7717.5,7717.5,12481.892167708644,-3.3683169026732997e-13,12481.892167708644
5,viga_eje_2,2.025,8157.366206300035,-3.071228205242302e-13,7166.25,7166.25,13040.032792708644,-3.1379747872801274e-13,13040.032792708644
5,viga_eje_2,2.1,8157.366206300035,-3.071228205242302e-13,6615.0,6615.0,13556.829667708644,-2.907632671886954e-13,13556.829667708644
5,viga_eje_2,2.175,8157.366206300035,-3.071228205242302e-13,6063.750000000002,6063.750000000002,14032.28279270864,-2.677290556493782e-13,14032.28279270864
5,viga_eje_2,2.25,8157.366206300035,-3.071228205242302e-13,5512.5,5512.5,14466.392167708647,-2.4469484411006087e-13,14466.392167708647
5,viga_eje_2,2.325,8157.366206300035,-3.071228205242302e-13,4961.25,4961.25,14859.157792708644,-2.2166063257074354e-13,14859.157792708644
5,viga_eje_2,2.4,8157.366206300035,-3.071228205242302e-13,4410.0,4410.0,15210.579667708647,-1.9862642103142642e-13,15210.579667708647
5,viga_eje_2,2.475,8157.366206300035,-3.071228205242302e-13,3858.75,3858.75,15520.657792708647,-1.755922094921091e-13,15520.657792708647
5,viga_eje_2,2.55,8157.366206300035,-3.071228205242302e-13,3307.5,3307.5,15789.392167708636,-1.5255799795279187e-13,15789.392167708636
5,viga_eje_2,2.625,8157.366206300035,-3.071228205242302e-13,2756.25,2756.25,16016.782792708647,-1.2952378641347454e-13,16016.782792708647
5,viga_eje_2,2.7,8157.366206300035,-3.071228205242302e-13,2205.0,2205.0,16202.829667708644,-1.0648957487415731e-13,16202.829667708644
5,viga_eje_2,2.775,8157.366206300035,-3.071228205242302e-13,1653.75,1653.75,16347.532792708647,-8.345536333484009e-14,16347.532792708647
5,viga_eje_2,2.85,8157.366206300035,-3.071228205242302e-13,1102.5,1102.5,16450.892167708644,-6.042115179552276e-14,16450.892167708644
5,viga_eje_2,2.925,8157.366206300035,-3.071228205242302e-13,551.25,551.25,16512.907792708636,-3.738694025620554e-14,16512.907792708636
5,viga_eje_2,3.0,8157.366206300035,-3.071228205242302e-13,0.0,3.071228205242302e-13,16533.579667708647,-1.4352728716888213e-14,16533.579667708647
5,viga_eje_2,3.075,8157.366206300035,-3.071228205242302e-13,-551.25,551.25,16512.90779270864,8.681482822429113e-15,16512.90779270864
5,viga_eje_2,3.15,8157.366206300035,-3.071228205242302e-13,-1102.5,1102.5,16450.892167708647,3.1715694361746237e-14,16450.892167708647
5,viga_eje_2,3.225,8157.366206300035,-3.071228205242302e-13,-1653.75,1653.75,16347.532792708647,5.474990590106356e-14,16347.532792708647
5,viga_eje_2,3.3,8157.366206300035,-3.071228205242302e-13,-2205.0,2205.0,16202.829667708655,7.778411744038069e-14,16202.829667708655
5,viga_eje_2,3.375,8157.366206300035,-3.071228205242302e-13,-2756.25,2756.25,16016.782792708647,1.0081832897969801e-13,16016.782792708647
5,viga_eje_2,3.45,8157.366206300035,-3.071228205242302e-13,-3307.5,3307.5,15789.39216770864,1.2385254051901534e-13,15789.39216770864
5,viga_eje_2,3.525,8157.366206300035,-3.071228205242302e-13,-3858.75,3858.75,15520.657792708647,1.4688675205833246e-13,15520.657792708647
5,viga_eje_2,3.6,8157.366206300035,-3.071228205242302e-13,-4410.0,4410.0,15210.579667708647,1.699209635976498e-13,15210.579667708647
5,viga_eje_2,3.675,8157.366206300035,-3.071228205242302e-13,-4961.25,4961.25,14859.157792708655,1.9295517513696711e-13,14859.157792708655
5,viga_eje_2,3.75,8157.366206300035,-3.071228205242302e-13,-5512.5,5512.5,14466.392167708647,2.1598938667628444e-13,14466.392167708647
5,viga_eje_2,3.825,8157.366206300035,-3.071228205242302e-13,-6063.75,6063.75,14032.28279270864,2.3902359821560177e-13,14032.28279270864
5,viga_eje_2,3.9,8157.366206300035,-3.071228205242302e-13,-6615.0,6615.0,13556.829667708647,2.620578097549189e-13,13556.829667708647
5,viga_eje_2,3.975,8157.366206300035,-3.071228205242302e-13,-7166.25,7166.25,13040.032792708647,2.850920212942362e-13,13040.032792708647
5,viga_eje_2,4.05,8157.366206300035,-3.071228205242302e-13,-7717.5,7717.5,12481.892167708647,3.0812623283355334e-13,12481.892167708647
5,viga_eje_2,4.125,8157.366206300035,-3.071228205242302e-13,-8268.75,8268.75,11882.407792708647,3.3116044437287066e-13,11882.407792708647
5,viga_eje_2,4.2,8157.366206300035,-3.071228205242302e-13,-8820.0,8820.0,11241.579667708647,3.54194655912188e-13,11241.579667708647
5,viga_eje_2,4.275,8157.366206300035,-3.071228205242302e-13,-9371.250000000004,9371.250000000004,10559.407792708662,3.772288674515053e-13,10559.407792708662
5,viga_eje_2,4.35,8157.366206300035,-3.071228205242302e-13,-9922.499999999996,9922.499999999996,9835.892167708647,4.0026307899082244e-13,9835.892167708647
5,viga_eje_2,4.425,8157.366206300035,-3.071228205242302e-13,-10473.75,10473.75,9071.032792708662,4.2329729053013977e-13,9071.032792708662
5,viga_eje_2,4.5,8157.366206300035,-3.071228205242302e-13,-11025.0,11025.0,8264.829667708647,4.463315020694571e-13,8264.829667708647
5,viga_eje_2,4.575,8157.366206300035,-3.071228205242302e-13,-11576.25,11576.25,7417.282792708633,4.693657136087744e-13,7417.282792708633
5,viga_eje_2,4.65,8157.366206300035,-3.071228205242302e-13,-12127.5,12127.5,6528.392167708647,4.923999251480917e-13,6528.392167708647
5,viga_eje_2,4.725,8157.366206300035,-3.071228205242302e-13,-12678.75,12678.75,5598.157792708647,5.154341366874087e-13,5598.157792708647
5,viga_eje_2,4.8,8157.366206300035,-3.071228205242302e-13,-13230.0,13230.0,4626.579667708647,5.38468348226726e-13,4626.579667708647
5,viga_eje_2,4.875,8157.366206300035,-3.071228205242302e-13,-13781.25,13781.25,3613.6577927086473,5.615025597660433e-13,3613.6577927086473
5,viga_eje_2,4.95,8157.366206300035,-3.071228205242302e-13,-14332.5,14332.5,2559.3921677086473,5.845367713053606e-13,2559.3921677086473
5,viga_eje_2,5.025,8157.366206300035,-3.071228205242302e-13,-14883.75,14883.75,1463.7827927086473,6.07570982844678e-13,1463.7827927086473
5,viga_eje_2,5.1,8157.366206300035,-3.071228205242302e-13,-15435.0,15435.0,326.8296677086473,6.306051943839951e-13,326.8296677086473
5,viga_eje_2,5.175,8157.366206300035,-3.071228205242302e-13,-15986.25,15986.25,-851.4672072913381,6.536394059233124e-13,851.4672072913381
5,viga_eje_2,5.25,8157.366206300035,-3.071228205242302e-13,-16537.5,16537.5,-2071.1078322913527,6.766736174626297e-13,2071.1078322913527
5,viga_eje_2,5.325,8157.366206300035,-3.071228205242302e-13,-17088.75,17088.75,-3332.0922072913672,6.997078290019471e-13,3332.0922072913672
5,viga_eje_2,5.4,8157.366206300035,-3.071228205242302e-13,-17640.0,17640.0,-4634.420332291353,7.227420405412642e-13,4634.420332291353
5,viga_eje_2,5.475,8157.366206300035,-3.071228205242302e-13,-18191.25,18191.25,-5978.092207291353,7.457762520805813e-13,5978.092207291353
5,viga_eje_2,5.55,8157.366206300035,-3.071228205242302e-13,-18742.5,18742.5,-7363.107832291353,7.688104636198986e-13,7363.107832291353
5,viga_eje_2,5.625,8157.366206300035,-3.071228205242302e-13,-19293.75,19293.75,-8789.467207291353,7.91844675159216e-13,8789.467207291353
5,viga_eje_2,5.7,8157.366206300035,-3.071228205242302e-13,-19845.0,19845.0,-10257.170332291367,8.148788866985333e-13,10257.170332291367
5,viga_eje_2,5.775,8157.366206300035,-3.071228205242302e-13,-20396.25,20396.25,-11766.217207291338,8.379130982378506e-13,11766.217207291338
5,viga_eje_2,5.85,8157.366206300035,-3.071228205242302e-13,-20947.5,20947.5,-13316.607832291353,8.609473097771677e-13,13316.607832291353
5,viga_eje_2,5.925,8157.366206300035,-3.071228205242302e-13,-21498.75,21498.75,-14908.342207291338,8.839815213164849e-13,14908.342207291338
5,viga_eje_2,6.0,8157.366206300035,-3.071228205242302e-13,-22050.0,22050.0,-16541.420332291353,9.070157328558024e-13,16541.420332291353
6,viga_eje_G,0.0,4877.754259110865,5.807572834680869e-13,22050.0,22050.0,-9845.874937790597,1.1388104156206202e-12,9845.874937790597
6,viga_eje_G,0.05,4877.754259110865,5.807572834680869e-13,21498.75,21498.75,-8757.156187790597,1.1097725514472158e-12,8757.156187790597
6,viga_eje_G,0.1,4877.754259110865,5.807572834680869e-13,20947.5,20947.5,-7695.999937790597,1.0807346872738114e-12,7695.999937790597
6,viga_eje_G,0.15,4877.754259110865,5.807572834680869e-13,20396.25,20396.25,-6662.406187790597,1.051696823100407e-12,6662.406187790597
6,viga_eje_G,0.2,4877.754259110865,5.807572834680869e-13,19845.0,19845.0,-5656.374937790597,1.0226589589270028e-12,5656.374937790597
6,viga_eje_G,0.25,4877.754259110865,5.807572834680869e-13,19293.75,19293.75,-4677.906187790597,9.936210947535985e-13,4677.906187790597
6,viga_eje_G,0.3,4877.754259110865,5.807572834680869e-13,18742.5,18742.5,-3726.999937790597,9.64583230580194e-13,3726.999937790597
6,viga_eje_G,0.35,4877.754259110865,5.807572834680869e-13,18191.25,18191.25,-2803.656187790598,9.355453664067897e-13,2803.656187790598
6,viga_eje_G,0.4,4877.754259110865,5.807572834680869e-13,17640.0,17640.0,-1907.8749377905972,9.065075022333853e-13,1907.8749377905972
6,viga_eje_G,0.45,4877.754259110865,5.807572834680869e-13,17088.75,17088.75,-1039.656187790597,8.77469638059981e-13,1039.656187790597
6,viga_eje_G,0.5,4877.754259110865,5.807572834680869e-13,16537.5,16537.5,-198.99993779059696,8.484317738865767e-13,198.99993779059696
6,viga_eje_G,0.55,4877.754259110865,5.807572834680869e-13,15986.25,15986.25,614.0938122094046,8.193939097131723e-13,614.0938122094046
6,viga_eje_G,0.6,4877.754259110865,5.807572834680869e-13,15435.0,15435.0,1399.625062209403,7.90356045539768e-13,1399.625062209403
6,viga_eje_G,0.65,4877.754259110865,5.807572834680869e-13,14883.75,14883.75,2157.5938122094026,7.613181813663637e-13,2157.5938122094026
6,viga_eje_G,0.7,4877.754259110865,5.807572834680869e-13,14332.5,14332.5,2888.0000622094017,7.322803171929593e-13,2888.0000622094017
6,viga_eje_G,0.75,4877.754259110865,5.807572834680869e-13,13781.25,13781.25,3590.843812209403,7.032424530195549e-13,3590.843812209403
6,viga_eje_G,0.8,4877.754259110865,5.807572834680869e-13,13230.0,13230.0,4266.125062209402,6.742045888461506e-13,4266.125062209402
6,viga_eje_G,0.85,4877.754259110865,5.807572834680869e-13,12678.75,12678.75,4913.843812209403,6.451667246727463e-13,4913.843812209403
6,viga_eje_G,0.9,4877.754259110865,5.807572834680869e-13,12127.5,12127.5,5534.000062209403,6.161288604993419e-13,5534.000062209403
6,viga_eje_G,0.95,4877.754259110865,5.807572834680869e-13,11576.25,11576.25,6126.593812209403,5.870909963259376e-13,6126.593812209403
6,viga_eje_G,1.0,4877.754259110865,5.807572834680869e-13,11025.0,11025.0,6691.625062209403,5.580531321525332e-13,6691.625062209403
6,viga_eje_G,1.05,4877.754259110865,5.807572834680869e-13,10473.75,10473.75,7229.093812209403,5.290152679791289e-13,7229.093812209403
6,viga_eje_G,1.1,4877.754259110865,5.807572834680869e-13,9922.499999999998,9922.499999999998,7739.000062209406,4.999774038057245e-13,7739.000062209406
6,viga_eje_G,1.15,4877.754259110865,5.807572834680869e-13,9371.250000000002,9371.250000000002,8221.343812209401,4.709395396323202e-13,8221.343812209401
6,viga_eje_G,1.2,4877.754259110865,5.807572834680869e-13,8820.0,8820.0,8676.125062209401,4.4190167545891583e-13,8676.125062209401
6,viga_eje_G,1.25,4877.754259110865,5.807572834680869e-13,8268.75,8268.75,9103.343812209401,4.1286381128551155e-13,9103.343812209401
6,viga_eje_G,1.3,4877.754259110865,5.807572834680869e-13,7717.5,7717.5,9503.0000622094,3.838259471121072e-13,9503.0000622094
6,viga_eje_G,1.35,4877.754259110865,5.807572834680869e-13,7166.249999999998,7166.249999999998,9875.093812209407,3.547880829387028e-13,9875.093812209407
6,viga_eje_G,1.4,4877.754259110865,5.807572834680869e-13,6615.000000000002,6615.000000000002,10219.625062209403,3.257502187652985e-13,10219.625062209403
6,viga_eje_G,1.45,4877.754259110865,5.807572834680869e-13,6063.75,6063.75,10536.593812209401,2.9671235459189415e-13,10536.593812209401
6,viga_eje_G,1.5,4877.754259110865,5.807572834680869e-13,5512.5,5512.5,10826.000062209401,2.6767449041848977e-13,10826.000062209401
6,viga_eje_G,1.55,4877.754259110865,5.807572834680869e-13,4961.25,4961.25,11087.8438122094,2.386366262450854e-13,11087.8438122094
6,viga_eje_G,1.6,4877.754259110865,5.807572834680869e-13,4410.0,4410.0,11322.125062209398,2.0959876207168112e-13,11322.125062209398
6,viga_eje_G,1.65,4877.754259110865,5.807572834680869e-13,3858.75,3858.75,11528.843812209403,1.8056089789827674e-13,11528.843812209403
6,viga_eje_G,1.7,4877.754259110865,5.807572834680869e-13,3307.5,3307.5,11708.000062209403,1.5152303372487237e-13,11708.000062209403
6,viga_eje_G,1.75,4877.754259110865,5.807572834680869e-13,2756.25,2756.25,11859.593812209401,1.22485169551468e-13,11859.593812209401
6,viga_eje_G,1.8,4877.754259110865,5.807572834680869e-13,2205.0,2205.0,11983.625062209401,9.344730537806362e-14,11983.625062209401
6,viga_eje_G,1.85,4877.754259110865,5.807572834680869e-13,1653.75,1653.75,12080.093812209401,6.440944120465924e-14,12080.093812209401
6,viga_eje_G,1.9,4877.754259110865,5.807572834680869e-13,1102.5,1102.5,12149.000062209401,3.5371577031255065e-14,12149.000062209401
6,viga_eje_G,1.95,4877.754259110865,5.807572834680869e-13,551.25,551.25,12190.343812209401,6.333712857850689e-15,12190.343812209401
6,viga_eje_G,2.0,4877.754259110865,5.807572834680869e-13,0.0,5.807572834680869e-13,12204.125062209401,-2.2704151315553687e-14,12204.125062209401
6,viga_eje_G,2.05,4877.754259110865,5.807572834680869e-13,-551.2499999999964,551.2499999999964,12190.343812209394,-5.174201548895786e-14,12190.343812209394
6,viga_eje_G,2.1,4877.754259110865,5.807572834680869e-13,-1102.5,1102.5,12149.000062209401,-8.077987966236244e-14,12149.000062209401
6,viga_eje_G,2.15,4877.754259110865,5.807572834680869e-13,-1653.75,1653.75,12080.093812209405,-1.0981774383576661e-13,12080.093812209405
6,viga_eje_G,2.2,4877.754259110865,5.807572834680869e-13,-2205.0000000000036,2205.0000000000036,11983.625062209405,-1.388556080091712e-13,11983.625062209405
6,viga_eje_G,2.25,4877.754259110865,5.807572834680869e-13,-2756.25,2756.25,11859.593812209401,-1.6789347218257537e-13,11859.593812209401
6,viga_eje_G,2.3,4877.754259110865,5.807572834680869e-13,-3307.4999999999964,3307.4999999999964,11708.000062209398,-1.9693133635597974e-13,11708.000062209398
6,viga_eje_G,2.35,4877.754259110865,5.807572834680869e-13,-3858.75,3858.75,11528.843812209398,-2.2596920052938412e-13,11528.843812209398
6,viga_eje_G,2.4,4877.754259110865,5.807572834680869e-13,-4410.0,4410.0,11322.125062209401,-2.550070647027885e-13,11322.125062209401
6,viga_eje_G,2.45,4877.754259110865,5.807572834680869e-13,-4961.250000000004,4961.250000000004,11087.843812209401,-2.8404492887619287e-13,11087.843812209401
6,viga_eje_G,2.5,4877.754259110865,5.807572834680869e-13,-5512.5,5512.5,10826.000062209401,-3.1308279304959705e-13,10826.000062209401
6,viga_eje_G,2.55,4877.754259110865,5.807572834680869e-13,-6063.749999999996,6063.749999999996,10536.593812209394,-3.421206572230014e-13,10536.593812209394
6,viga_eje_G,2.6,4877.754259110865,5.807572834680869e-13,-6615.0,6615.0,10219.625062209394,-3.711585213964058e-13,10219.625062209394
6,viga_eje_G,2.65,4877.754259110865,5.807572834680869e-13,-7166.25,7166.25,9875.093812209401,-4.001963855698102e-13,9875.093812209401
6,viga_eje_G,2.7,4877.754259110865,5.807572834680869e-13,-7717.500000000004,7717.500000000004,9503.000062209401,-4.2923424974321455e-13,9503.000062209401
6,viga_eje_G,2.75,4877.754259110865,5.807572834680869e-13,-8268.75,8268.75,9103.343812209401,-4.582721139166189e-13,9103.343812209401
6,viga_eje_G,2.8,4877.754259110865,5.807572834680869e-13,-8819.999999999996,8819.999999999996,8676.125062209401,-4.873099780900231e-13,8676.125062209401
6,viga_eje_G,2.85,4877.754259110865,5.807572834680869e-13,-9371.25,9371.25,8221.343812209401,-5.163478422634277e-13,8221.343812209401
6,viga_eje_G,2.9,4877.754259110865,5.807572834680869e-13,-9922.5,9922.5,7739.000062209401,-5.453857064368319e-13,7739.000062209401
6,viga_eje_G,2.95,4877.754259110865,5.807572834680869e-13,-10473.750000000004,10473.750000000004,7229.0938122094085,-5.744235706102364e-13,7229.0938122094085
6,viga_eje_G,3.0,4877.754259110865,5.807572834680869e-13,-11025.0,11025.0,6691.625062209401,-6.034614347836406e-13,6691.625062209401
6,viga_eje_G,3.05,4877.754259110865,5.807572834680869e-13,-11576.25,11576.25,6126.5938122094085,-6.324992989570448e-13,6126.5938122094085
6,viga_eje_G,3.1,4877.754259110865,5.807572834680869e-13,-12127.5,12127.5,5534.000062209394,-6.615371631304494e-13,5534.000062209394
6,viga_eje_G,3.15,4877.754259110865,5.807572834680869e-13,-12678.75,12678.75,4913.843812209401,-6.905750273038537e-13,4913.843812209401
6,viga_eje_G,3.2,4877.754259110865,5.807572834680869e-13,-13230.0,13230.0,4266.125062209387,-7.196128914772579e-13,4266.125062209387
6,viga_eje_G,3.25,4877.754259110865,5.807572834680869e-13,-13781.25,13781.25,3590.843812209401,-7.486507556506625e-13,3590.843812209401
6,viga_eje_G,3.3,4877.754259110865,5.807572834680869e-13,-14332.5,14332.5,2888.0000622094085,-7.776886198240667e-13,2888.0000622094085
6,viga_eje_G,3.35,4877.754259110865,5.807572834680869e-13,-14883.75,14883.75,2157.593812209401,-8.067264839974712e-13,2157.593812209401
6,viga_eje_G,3.4,4877.754259110865,5.807572834680869e-13,-15435.0,15435.0,1399.6250622094085,-8.357643481708754e-13,1399.6250622094085
6,viga_eje_G,3.45,4877.754259110865,5.807572834680869e-13,-15986.25,15986.25,614.093812209394,-8.6480221234428e-13,614.093812209394
6,viga_eje_G,3.5,4877.754259110865,5.807572834680869e-13,-16537.5,16537.5,-198.9999377905915,-8.938400765176842e-13,198.9999377905915
6,viga_eje_G,3.55,4877.754259110865,5.807572834680869e-13,-17088.75,17088.75,-1039.6561877905915,-9.228779406910883e-13,1039.6561877905915
6,viga_eje_G,3.6,4877.754259110865,5.807572834680869e-13,-17640.0,17640.0,-1907.8749377905915,-9.51915804864493e-13,1907.8749377905915
6,viga_eje_G,3.65,4877.754259110865,5.807572834680869e-13,-18191.25,18191.25,-2803.6561877905915,-9.80953669037897e-13,2803.6561877905915
6,viga_eje_G,3.7,4877.754259110865,5.807572834680869e-13,-18742.5,18742.5,-3726.9999377905915,-1.0099915332113017e-12,3726.9999377905915
6,viga_eje_G,3.75,4877.754259110865,5.807572834680869e-13,-19293.75,19293.75,-4677.9061877905915,-1.0390293973847058e-12,4677.9061877905915
6,viga_eje_G,3.8,4877.754259110865,5.807572834680869e-13,-19845.0,19845.0,-5656.3749377905915,-1.06806726155811e-12,5656.3749377905915
6,viga_eje_G,3.85,4877.754259110865,5.807572834680869e-13,-20396.25,20396.25,-6662.406187790606,-1.0971051257315146e-12,6662.406187790606
6,viga_eje_G,3.9,4877.754259110865,5.807572834680869e-13,-20947.5,20947.5,-7695.9999377905915,-1.1261429899049188e-12,7695.9999377905915
6,viga_eje_G,3.95,4877.754259110865,5.807572834680869e-13,-21498.75,21498.75,-8757.156187790592,-1.1551808540783234e-12,8757.156187790592
6,viga_eje_G,4.0,4877.754259110865,5.807572834680869e-13,-22050.0,22050.0,-9845.874937790592,-1.1842187182517275e-12,9845.874937790592
7,viga_eje_3,0.0,8157.366206300038,-2.497084789746054e-13,22050.0,22050.0,-16541.420332291345,-7.513269361618026e-13,16541.420332291345
7,viga_eje_3,0.075,8157.366206300038,-2.497084789746054e-13,21498.75,21498.75,-14908.342207291345,-7.325988002387072e-13,14908.342207291345
7,viga_eje_3,0.15,8157.366206300038,-2.497084789746054e-13,20947.5,20947.5,-13316.607832291345,-7.138706643156117e-13,13316.607832291345
7,viga_eje_3,0.225,8157.366206300038,-2.497084789746054e-13,20396.25,20396.25,-11766.217207291345,-6.951425283925163e-13,11766.217207291345
7,viga_eje_3,0.3,8157.366206300038,-2.497084789746054e-13,19845.0,19845.0,-10257.170332291345,-6.76414392469421e-13,10257.170332291345
7,viga_eje_3,0.375,8157.366206300038,-2.497084789746054e-13,19293.75,19293.75,-8789.467207291345,-6.576862565463255e-13,8789.467207291345
7,viga_eje_3,0.45,8157.366206300038,-2.497084789746054e-13,18742.5,18742.5,-7363.107832291345,-6.389581206232301e-13,7363.107832291345
7,viga_eje_3,0.525,8157.366206300038,-2.497084789746054e-13,18191.25,18191.25,-5978.092207291345,-6.202299847001347e-13,5978.092207291345
7,viga_eje_3,0.6,8157.366206300038,-2.497084789746054e-13,17640.0,17640.0,-4634.420332291345,-6.015018487770393e-13,4634.420332291345
7,viga_eje_3,0.675,8157.366206300038,-2.497084789746054e-13,17088.75,17088.75,-3332.0922072913436,-5.827737128539439e-13,3332.0922072913436
7,viga_eje_3,0.75,8157.366206300038,-2.497084789746054e-13,16537.5,16537.5,-2071.1078322913454,-5.640455769308484e-13,2071.1078322913454
7,viga_eje_3,0.825,8157.366206300038,-2.497084789746054e-13,15986.25,15986.25,-851.467207291345,-5.453174410077532e-13,851.467207291345
7,viga_eje_3,0.9,8157.366206300038,-2.497084789746054e-13,15435.0,15435.0,326.8296677086546,-5.265893050846577e-13,326.8296677086546
7,viga_eje_3,0.975,8157.366206300038,-2.497084789746054e-13,14883.75,14883.75,1463.7827927086546,-5.078611691615622e-13,1463.7827927086546
7,viga_eje_3,1.05,8157.366206300038,-2.497084789746054e-13,14332.5,14332.5,2559.3921677086546,-4.891330332384669e-13,2559.3921677086546
7,viga_eje_3,1.125,8157.366206300038,-2.497084789746054e-13,13781.25,13781.25,3613.6577927086546,-4.704048973153715e-13,3613.6577927086546
7,viga_eje_3,1.2,8157.366206300038,-2.497084789746054e-13,13230.0,13230.0,4626.579667708655,-4.5167676139227606e-13,4626.579667708655
7,viga_eje_3,1.275,8157.366206300038,-2.497084789746054e-13,12678.75,12678.75,5598.157792708652,-4.329486254691807e-13,5598.157792708652
7,viga_eje_3,1.35,8157.366206300038,-2.497084789746054e-13,12127.5,12127.5,6528.392167708657,-4.142204895460852e-13,6528.392167708657
7,viga_eje_3,1.425,8157.366206300038,-2.497084789746054e-13,11576.25,11576.25,7417.282792708654,-3.9549235362298985e-13,7417.282792708654
7,viga_eje_3,1.5,8157.366206300038,-2.497084789746054e-13,11025.0,11025.0,8264.829667708655,-3.7676421769989443e-13,8264.829667708655
7,viga_eje_3,1.575,8157.366206300038,-2.497084789746054e-13,10473.75,10473.75,9071.032792708655,-3.5803608177679906e-13,9071.032792708655
7,viga_eje_3,1.65,8157.366206300038,-2.497084789746054e-13,9922.5,9922.5,9835.892167708656,-3.393079458537037e-13,9835.892167708656
7,viga_eje_3,1.725,8157.366206300038,-2.497084789746054e-13,9371.25,9371.25,10559.407792708653,-3.205798099306082e-13,10559.407792708653
7,viga_eje_3,1.8,8157.366206300038,-2.497084789746054e-13,8820.0,8820.0,11241.579667708655,-3.0185167400751284e-13,11241.579667708655
7,viga_eje_3,1.875,8157.366206300038,-2.497084789746054e-13,8268.75,8268.75,11882.407792708655,-2.8312353808441747e-13,11882.407792708655
7,viga_eje_3,1.95,8157.366206300038,-2.497084789746054e-13,7717.5,7717.5,12481.892167708655,-2.64395402161322e-13,12481.892167708655
7,viga_eje_3,2.025,8157.366206300038,-2.497084789746054e-13,7166.25,7166.25,13040.032792708655,-2.4566726623822663e-13,13040.032792708655
7,viga_eje_3,2.1,8157.366206300038,-2.497084789746054e-13,6615.0,6615.0,13556.829667708655,-2.2693913031513116e-13,13556.829667708655
7,viga_eje_3,2.175,8157.366206300038,-2.497084789746054e-13,6063.750000000002,6063.750000000002,14032.282792708651,-2.082109943920359e-13,14032.282792708651
7,viga_eje_3,2.25,8157.366206300038,-2.497084789746054e-13,5512.5,5512.5,14466.392167708655,-1.8948285846894042e-13,14466.392167708655
7,viga_eje_3,2.325,8157.366206300038,-2.497084789746054e-13,4961.25,4961.25,14859.157792708658,-1.7075472254584494e-13,14859.157792708658
7,viga_eje_3,2.4,8157.366206300038,-2.497084789746054e-13,4410.0,4410.0,15210.579667708655,-1.5202658662274957e-13,15210.579667708655
7,viga_eje_3,2.475,8157.366206300038,-2.497084789746054e-13,3858.75,3858.75,15520.657792708655,-1.332984506996542e-13,15520.657792708655
7,viga_eje_3,2.55,8157.366206300038,-2.497084789746054e-13,3307.5,3307.5,15789.392167708651,-1.1457031477655883e-13,15789.392167708651
7,viga_eje_3,2.625,8157.366206300038,-2.497084789746054e-13,2756.25,2756.25,16016.782792708655,-9.584217885346336e-14,16016.782792708655
7,viga_eje_3,2.7,8157.366206300038,-2.497084789746054e-13,2205.0,2205.0,16202.829667708658,-7.711404293036789e-14,16202.829667708658
7,viga_eje_3,2.775,8157.366206300038,-2.497084789746054e-13,1653.75,1653.75,16347.532792708655,-5.838590700727262e-14,16347.532792708655
7,viga_eje_3,2.85,8157.366206300038,-2.497084789746054e-13,1102.5,1102.5,16450.89216770865,-3.9657771084177147e-14,16450.89216770865
7,viga_eje_3,2.925,8157.366206300038,-2.497084789746054e-13,551.25,551.25,16512.90779270865,-2.0929635161081776e-14,16512.90779270865
7,viga_eje_3,3.0,8157.366206300038,-2.497084789746054e-13,0.0,2.497084789746054e-13,16533.579667708655,-2.201499237986304e-15,16533.579667708655
7,viga_eje_3,3.075,8157.366206300038,-2.497084789746054e-13,-551.25,551.25,16512.907792708647,1.6526636685109067e-14,16512.907792708647
7,viga_eje_3,3.15,8157.366206300038,-2.497084789746054e-13,-1102.5,1102.5,16450.892167708655,3.525477260820444e-14,16450.892167708655
7,viga_eje_3,3.225,8157.366206300038,-2.497084789746054e-13,-1653.75,1653.75,16347.532792708655,5.398290853129991e-14,16347.532792708655
7,viga_eje_3,3.3,8157.366206300038,-2.497084789746054e-13,-2205.0,2205.0,16202.829667708662,7.271104445439518e-14,16202.829667708662
7,viga_eje_3,3.375,8157.366206300038,-2.497084789746054e-13,-2756.25,2756.25,16016.782792708655,9.143918037749065e-14,16016.782792708655
7,viga_eje_3,3.45,8157.366206300038,-2.497084789746054e-13,-3307.5,3307.5,15789.392167708647,1.1016731630058612e-13,15789.392167708647
7,viga_eje_3,3.525,8157.366206300038,-2.497084789746054e-13,-3858.75,3858.75,15520.657792708655,1.288954522236815e-13,15520.657792708655
7,viga_eje_3,3.6,8157.366206300038,-2.497084789746054e-13,-4410.0,4410.0,15210.579667708655,1.4762358814677686e-13,15210.579667708655
7,viga_eje_3,3.675,8157.366206300038,-2.497084789746054e-13,-4961.25,4961.25,14859.157792708662,1.6635172406987234e-13,14859.157792708662
7,viga_eje_3,3.75,8157.366206300038,-2.497084789746054e-13,-5512.5,5512.5,14466.392167708662,1.850798599929676e-13,14466.392167708662
7,viga_eje_3,3.825,8157.366206300038,-2.497084789746054e-13,-6063.75,6063.75,14032.282792708655,2.0380799591606308e-13,14032.282792708655
7,viga_eje_3,3.9,8157.366206300038,-2.497084789746054e-13,-6615.0,6615.0,13556.829667708662,2.2253613183915855e-13,13556.829667708662
7,viga_eje_3,3.975,8157.366206300038,-2.497084789746054e-13,-7166.25,7166.25,13040.032792708662,2.41264267762254e-13,13040.032792708662
7,viga_eje_3,4.05,8157.366206300038,-2.497084789746054e-13,-7717.5,7717.5,12481.892167708662,2.599924036853493e-13,12481.892167708662
7,viga_eje_3,4.125,8157.366206300038,-2.497084789746054e-13,-8268.75,8268.75,11882.407792708662,2.7872053960844476e-13,11882.407792708662
7,viga_eje_3,4.2,8157.366206300038,-2.497084789746054e-13,-8820.0,8820.0,11241.579667708662,2.9744867553154024e-13,11241.579667708662
7,viga_eje_3,4.275,8157.366206300038,-2.497084789746054e-13,-9371.250000000004,9371.250000000004,10559.407792708662,3.161768114546357e-13,10559.407792708662
7,viga_eje_3,4.35,8157.366206300038,-2.497084789746054e-13,-9922.499999999996,9922.499999999996,9835.892167708647,3.349049473777308e-13,9835.892167708647
7,viga_eje_3,4.425,8157.366206300038,-2.497084789746054e-13,-10473.75,10473.75,9071.032792708676,3.5363308330082625e-13,9071.032792708676
7,viga_eje_3,4.5,8157.366206300038,-2.497084789746054e-13,-11025.0,11025.0,8264.829667708662,3.723612192239217e-13,8264.829667708662
7,viga_eje_3,4.575,8157.366206300038,-2.497084789746054e-13,-11576.25,11576.25,7417.282792708647,3.910893551470172e-13,7417.282792708647
7,viga_eje_3,4.65,8157.366206300038,-2.497084789746054e-13,-12127.5,12127.5,6528.392167708647,4.0981749107011266e-13,6528.392167708647
7,viga_eje_3,4.725,8157.366206300038,-2.497084789746054e-13,-12678.75,12678.75,5598.157792708647,4.2854562699320793e-13,5598.157792708647
7,viga_eje_3,4.8,8157.366206300038,-2.497084789746054e-13,-13230.0,13230.0,4626.579667708662,4.472737629163034e-13,4626.579667708662
7,viga_eje_3,4.875,8157.366206300038,-2.497084789746054e-13,-13781.25,13781.25,3613.657792708662,4.660018988393987e-13,3613.657792708662
7,viga_eje_3,4.95,8157.366206300038,-2.497084789746054e-13,-14332.5,14332.5,2559.392167708662,4.847300347624941e-13,2559.392167708662
7,viga_eje_3,5.025,8157.366206300038,-2.497084789746054e-13,-14883.75,14883.75,1463.7827927086473,5.034581706855896e-13,1463.7827927086473
7,viga_eje_3,5.1,8157.366206300038,-2.497084789746054e-13,-15435.0,15435.0,326.8296677086473,5.221863066086849e-13,326.8296677086473
7,viga_eje_3,5.175,8157.366206300038,-2.497084789746054e-13,-15986.25,15986.25,-851.4672072913236,5.409144425317804e-13,851.4672072913236
7,viga_eje_3,5.25,8157.366206300038,-2.497084789746054e-13,-16537.5,16537.5,-2071.107832291338,5.596425784548758e-13,2071.107832291338
7,viga_eje_3,5.325,8157.366206300038,-2.497084789746054e-13,-17088.75,17088.75,-3332.0922072913527,5.783707143779713e-13,3332.0922072913527
7,viga_eje_3,5.4,8157.366206300038,-2.497084789746054e-13,-17640.0,17640.0,-4634.420332291353,5.970988503010668e-13,4634.420332291353
7,viga_eje_3,5.475,8157.366206300038,-2.497084789746054e-13,-18191.25,18191.25,-5978.092207291353,6.158269862241618e-13,5978.092207291353
7,viga_eje_3,5.55,8157.366206300038,-2.497084789746054e-13,-18742.5,18742.5,-7363.107832291338,6.345551221472573e-13,7363.107832291338
7,viga_eje_3,5.625,8157.366206300038,-2.497084789746054e-13,-19293.75,19293.75,-8789.467207291338,6.532832580703528e-13,8789.467207291338
7,viga_eje_3,5.7,8157.366206300038,-2.497084789746054e-13,-19845.0,19845.0,-10257.170332291353,6.720113939934483e-13,10257.170332291353
7,viga_eje_3,5.775,8157.366206300038,-2.497084789746054e-13,-20396.25,20396.25,-11766.217207291338,6.907395299165437e-13,11766.217207291338
7,viga_eje_3,5.85,8157.366206300038,-2.497084789746054e-13,-20947.5,20947.5,-13316.607832291353,7.09467665839639e-13,13316.607832291353
7,viga_eje_3,5.925,8157.366206300038,-2.497084789746054e-13,-21498.75,21498.75,-14908.342207291324,7.281958017627345e-13,14908.342207291324
7,viga_eje_3,6.0,8157.366206300038,-2.497084789746054e-13,-22050.0,22050.0,-16541.420332291338,7.469239376858299e-13,16541.420332291338
8,viga_eje_F,0.0,4877.754259110863,6.963538269897208e-13,22050.0,22050.0,-9845.874937790599,1.4402431472273069e-12,9845.874937790599
8,viga_eje_F,0.05,4877.754259110863,6.963538269897208e-13,21498.75,21498.75,-8757.156187790599,1.4054254558778208e-12,8757.156187790599
8,viga_eje_F,0.1,4877.754259110863,6.963538269897208e-13,20947.5,20947.5,-7695.999937790599,1.3706077645283348e-12,7695.999937790599
8,viga_eje_F,0.15,4877.754259110863,6.963538269897208e-13,20396.25,20396.25,-6662.406187790599,1.3357900731788487e-12,6662.406187790599
8,viga_eje_F,0.2,4877.754259110863,6.963538269897208e-13,19845.0,19845.0,-5656.374937790599,1.3009723818293627e-12,5656.374937790599
8,viga_eje_F,0.25,4877.754259110863,6.963538269897208e-13,19293.75,19293.75,-4677.906187790599,1.2661546904798766e-12,4677.906187790599
8,viga_eje_F,0.3,4877.754259110863,6.963538269897208e-13,18742.5,18742.5,-3726.999937790599,1.2313369991303906e-12,3726.999937790599
8,viga_eje_F,0.35,4877.754259110863,6.963538269897208e-13,18191.25,18191.25,-2803.6561877905997,1.1965193077809046e-12,2803.6561877905997
8,viga_eje_F,0.4,4877.754259110863,6.963538269897208e-13,17640.0,17640.0,-1907.874937790599,1.1617016164314185e-12,1907.874937790599
8,viga_eje_F,0.45,4877.754259110863,6.963538269897208e-13,17088.75,17088.75,-1039.6561877905988,1.1268839250819325e-12,1039.6561877905988
8,viga_eje_F,0.5,4877.754259110863,6.963538269897208e-13,16537.5,16537.5,-198.99993779059878,1.0920662337324464e-12,198.99993779059878
8,viga_eje_F,0.55,4877.754259110863,6.963538269897208e-13,15986.25,15986.25,614.0938122094028,1.0572485423829604e-12,614.0938122094028
8,viga_eje_F,0.6,4877.754259110863,6.963538269897208e-13,15435.0,15435.0,1399.6250622094012,1.0224308510334743e-12,1399.6250622094012
8,viga_eje_F,0.65,4877.754259110863,6.963538269897208e-13,14883.75,14883.75,2157.5938122094008,9.876131596839883e-13,2157.5938122094008
8,viga_eje_F,0.7,4877.754259110863,6.963538269897208e-13,14332.5,14332.5,2888.0000622094,9.527954683345022e-13,2888.0000622094
8,viga_eje_F,0.75,4877.754259110863,6.963538269897208e-13,13781.25,13781.25,3590.843812209401,9.179777769850162e-13,3590.843812209401
8,viga_eje_F,0.8,4877.754259110863,6.963538269897208e-13,13230.0,13230.0,4266.1250622094,8.831600856355301e-13,4266.1250622094
8,viga_eje_F,0.85,4877.754259110863,6.963538269897208e-13,12678.75,12678.75,4913.843812209401,8.483423942860442e-13,4913.843812209401
8,viga_eje_F,0.9,4877.754259110863,6.963538269897208e-13,12127.5,12127.5,5534.000062209401,8.135247029365582e-13,5534.000062209401
8,viga_eje_F,0.95,4877.754259110863,6.963538269897208e-13,11576.25,11576.25,6126.593812209401,7.787070115870721e-13,6126.593812209401
8,viga_eje_F,1.0,4877.754259110863,6.963538269897208e-13,11025.0,11025.0,6691.625062209401,7.438893202375861e-13,6691.625062209401
8,viga_eje_F,1.05,4877.754259110863,6.963538269897208e-13,10473.75,10473.75,7229.093812209401,7.090716288881e-13,7229.093812209401
8,viga_eje_F,1.1,4877.754259110863,6.963538269897208e-13,9922.499999999998,9922.499999999998,7739.000062209404,6.742539375386139e-13,7739.000062209404
8,viga_eje_F,1.15,4877.754259110863,6.963538269897208e-13,9371.250000000002,9371.250000000002,8221.343812209398,6.39436246189128e-13,8221.343812209398
8,viga_eje_F,1.2,4877.754259110863,6.963538269897208e-13,8820.0,8820.0,8676.125062209401,6.04618554839642e-13,8676.125062209401
8,viga_eje_F,1.25,4877.754259110863,6.963538269897208e-13,8268.75,8268.75,9103.343812209401,5.698008634901558e-13,9103.343812209401
8,viga_eje_F,1.3,4877.754259110863,6.963538269897208e-13,7717.5,7717.5,9503.0000622094,5.349831721406698e-13,9503.0000622094
8,viga_eje_F,1.35,4877.754259110863,6.963538269897208e-13,7166.249999999998,7166.249999999998,9875.093812209403,5.001654807911836e-13,9875.093812209403
8,viga_eje_F,1.4,4877.754259110863,6.963538269897208e-13,6615.000000000002,6615.000000000002,10219.6250622094,4.653477894416978e-13,10219.6250622094
8,viga_eje_F,1.45,4877.754259110863,6.963538269897208e-13,6063.75,6063.75,10536.593812209401,4.3053009809221176e-13,10536.593812209401
8,viga_eje_F,1.5,4877.754259110863,6.963538269897208e-13,5512.5,5512.5,10826.000062209401,3.957124067427257e-13,10826.000062209401
8,viga_eje_F,1.55,4877.754259110863,6.963538269897208e-13,4961.25,4961.25,11087.8438122094,3.6089471539323967e-13,11087.8438122094
8,viga_eje_F,1.6,4877.754259110863,6.963538269897208e-13,4410.0,4410.0,11322.125062209398,3.260770240437534e-13,11322.125062209398
8,viga_eje_F,1.65,4877.754259110863,6.963538269897208e-13,3858.75,3858.75,11528.843812209403,2.912593326942676e-13,11528.843812209403
8,viga_eje_F,1.7,4877.754259110863,6.963538269897208e-13,3307.5,3307.5,11708.000062209403,2.5644164134478153e-13,11708.000062209403
8,viga_eje_F,1.75,4877.754259110863,6.963538269897208e-13,2756.25,2756.25,11859.593812209401,2.216239499952955e-13,11859.593812209401
8,viga_eje_F,1.8,4877.754259110863,6.963538269897208e-13,2205.0,2205.0,11983.625062209401,1.8680625864580944e-13,11983.625062209401
8,viga_eje_F,1.85,4877.754259110863,6.963538269897208e-13,1653.75,1653.75,12080.093812209401,1.519885672963234e-13,12080.093812209401
8,viga_eje_F,1.9,4877.754259110863,6.963538269897208e-13,1102.5,1102.5,12149.000062209401,1.1717087594683735e-13,12149.000062209401
8,viga_eje_F,1.95,4877.754259110863,6.963538269897208e-13,551.25,551.25,12190.343812209401,8.235318459735131e-14,12190.343812209401
8,viga_eje_F,2.0,4877.754259110863,6.963538269897208e-13,0.0,6.963538269897208e-13,12204.125062209401,4.753549324786526e-14,12204.125062209401
8,viga_eje_F,2.05,4877.754259110863,6.963538269897208e-13,-551.2499999999964,551.2499999999964,12190.343812209394,1.2717801898379418e-14,12190.343812209394
8,viga_eje_F,2.1,4877.754259110863,6.963538269897208e-13,-1102.5,1102.5,12149.000062209401,-2.209988945110683e-14,12149.000062209401
8,viga_eje_F,2.15,4877.754259110863,6.963538269897208e-13,-1653.75,1653.75,12080.093812209405,-5.691758080059288e-14,12080.093812209405
8,viga_eje_F,2.2,4877.754259110863,6.963538269897208e-13,-2205.0000000000036,2205.0000000000036,11983.625062209405,-9.173527215007912e-14,11983.625062209405
8,viga_eje_F,2.25,4877.754259110863,6.963538269897208e-13,-2756.25,2756.25,11859.593812209401,-1.2655296349956497e-13,11859.593812209401
8,viga_eje_F,2.3,4877.754259110863,6.963538269897208e-13,-3307.4999999999964,3307.4999999999964,11708.000062209398,-1.613706548490508e-13,11708.000062209398
8,viga_eje_F,2.35,4877.754259110863,6.963538269897208e-13,-3858.75,3858.75,11528.843812209398,-1.9618834619853706e-13,11528.843812209398
8,viga_eje_F,2.4,4877.754259110863,6.963538269897208e-13,-4410.0,4410.0,11322.125062209401,-2.310060375480229e-13,11322.125062209401
8,viga_eje_F,2.45,4877.754259110863,6.963538269897208e-13,-4961.250000000004,4961.250000000004,11087.843812209401,-2.6582372889750915e-13,11087.843812209401
8,viga_eje_F,2.5,4877.754259110863,6.963538269897208e-13,-5512.5,5512.5,10826.000062209401,-3.006414202469952e-13,10826.000062209401
8,viga_eje_F,2.55,4877.754259110863,6.963538269897208e-13,-6063.749999999996,6063.749999999996,10536.593812209394,-3.3545911159648104e-13,10536.593812209394
8,viga_eje_F,2.6,4877.754259110863,6.963538269897208e-13,-6615.0,6615.0,10219.625062209394,-3.702768029459673e-13,10219.625062209394
8,viga_eje_F,2.65,4877.754259110863,6.963538269897208e-13,-7166.25,7166.25,9875.093812209401,-4.0509449429545313e-13,9875.093812209401
8,viga_eje_F,2.7,4877.754259110863,6.963538269897208e-13,-7717.500000000004,7717.500000000004,9503.000062209401,-4.399121856449396e-13,9503.000062209401
8,viga_eje_F,2.75,4877.754259110863,6.963538269897208e-13,-8268.75,8268.75,9103.343812209401,-4.747298769944252e-13,9103.343812209401
8,viga_eje_F,2.8,4877.754259110863,6.963538269897208e-13,-8819.999999999996,8819.999999999996,8676.125062209401,-5.095475683439113e-13,8676.125062209401
8,viga_eje_F,2.85,4877.754259110863,6.963538269897208e-13,-9371.25,9371.25,8221.343812209401,-5.443652596933973e-13,8221.343812209401
8,viga_eje_F,2.9,4877.754259110863,6.963538269897208e-13,-9922.5,9922.5,7739.000062209401,-5.791829510428834e-13,7739.000062209401
8,viga_eje_F,2.95,4877.754259110863,6.963538269897208e-13,-10473.750000000004,10473.750000000004,7229.0938122094085,-6.140006423923698e-13,7229.0938122094085
8,viga_eje_F,3.0,4877.754259110863,6.963538269897208e-13,-11025.0,11025.0,6691.625062209401,-6.488183337418554e-13,6691.625062209401
8,viga_eje_F,3.05,4877.754259110863,6.963538269897208e-13,-11576.25,11576.25,6126.5938122094085,-6.836360250913415e-13,6126.5938122094085
8,viga_eje_F,3.1,4877.754259110863,6.963538269897208e-13,-12127.5,12127.5,5534.000062209394,-7.184537164408275e-13,5534.000062209394
8,viga_eje_F,3.15,4877.754259110863,6.963538269897208e-13,-12678.75,12678.75,4913.843812209401,-7.532714077903136e-13,4913.843812209401
8,viga_eje_F,3.2,4877.754259110863,6.963538269897208e-13,-13230.0,13230.0,4266.125062209387,-7.880890991398e-13,4266.125062209387
8,viga_eje_F,3.25,4877.754259110863,6.963538269897208e-13,-13781.25,13781.25,3590.843812209401,-8.229067904892857e-13,3590.843812209401
8,viga_eje_F,3.3,4877.754259110863,6.963538269897208e-13,-14332.5,14332.5,2888.0000622094085,-8.577244818387717e-13,2888.0000622094085
8,viga_eje_F,3.35,4877.754259110863,6.963538269897208e-13,-14883.75,14883.75,2157.593812209401,-8.925421731882578e-13,2157.593812209401
8,viga_eje_F,3.4,4877.754259110863,6.963538269897208e-13,-15435.0,15435.0,1399.6250622094085,-9.273598645377438e-13,1399.6250622094085
8,viga_eje_F,3.45,4877.754259110863,6.963538269897208e-13,-15986.25,15986.25,614.093812209394,-9.621775558872299e-13,614.093812209394
8,viga_eje_F,3.5,4877.754259110863,6.963538269897208e-13,-16537.5,16537.5,-198.9999377905915,-9.969952472367159e-13,198.9999377905915
8,viga_eje_F,3.55,4877.754259110863,6.963538269897208e-13,-17088.75,17088.75,-1039.6561877905915,-1.031812938586202e-12,1039.6561877905915
8,viga_eje_F,3.6,4877.754259110863,6.963538269897208e-13,-17640.0,17640.0,-1907.8749377905915,-1.066630629935688e-12,1907.8749377905915
8,viga_eje_F,3.65,4877.754259110863,6.963538269897208e-13,-18191.25,18191.25,-2803.6561877905915,-1.101448321285174e-12,2803.6561877905915
8,viga_eje_F,3.7,4877.754259110863,6.963538269897208e-13,-18742.5,18742.5,-3726.9999377905915,-1.13626601263466e-12,3726.9999377905915
8,viga_eje_F,3.75,4877.754259110863,6.963538269897208e-13,-19293.75,19293.75,-4677.9061877905915,-1.1710837039841461e-12,4677.9061877905915
8,viga_eje_F,3.8,4877.754259110863,6.963538269897208e-13,-19845.0,19845.0,-5656.3749377905915,-1.2059013953336322e-12,5656.3749377905915
8,viga_eje_F,3.85,4877.754259110863,6.963538269897208e-13,-20396.25,20396.25,-6662.406187790606,-1.2407190866831182e-12,6662.406187790606
8,viga_eje_F,3.9,4877.754259110863,6.963538269897208e-13,-20947.5,20947.5,-7695.9999377905915,-1.2755367780326043e-12,7695.9999377905915
8,viga_eje_F,3.95,4877.754259110863,6.963538269897208e-13,-21498.75,21498.75,-8757.156187790592,-1.3103544693820903e-12,8757.156187790592
8,viga_eje_F,4.0,4877.754259110863,6.963538269897208e-13,-22050.0,22050.0,-9845.874937790592,-1.3451721607315764e-12,9845.874937790592
