node_tag,floor,coord_x_m,coord_y_m,coord_z_m,ux_m,uy_m,uz_m,rx_rad,ry_rad,rz_rad
1,base,7.502,0.001,0.0,0.0,0.0,0.0,0.0,0.0,0.0
2,S1,7.502,0.001,3.96,0.009283027678,0.000253282709,2.7643751e-05,-0.00012705432,0.003425215784,-0.000332832212
3,base,17.502,0.001,0.0,0.0,0.0,0.0,0.0,0.0,0.0
4,S1,17.502,0.001,3.96,0.009115651482,-2.286834e-05,-2.5019948e-05,3.141322e-06,0.003263874753,-0.000327102027
5,base,17.502,8.901,0.0,0.0,0.0,0.0,0.0,0.0,0.0
6,S1,17.502,8.901,3.96,0.012096045792,-1.9110747e-05,9.6126575e-05,-1.6818489e-05,0.004985605947,-7.5193009e-05
7,base,7.502,8.901,0.0,0.0,0.0,0.0,0.0,0.0,0.0
8,S1,7.502,8.901,3.96,0.017049147684,0.000253684148,8.037311e-05,-9.7613684e-05,0.006702241222,-5.5001097e-05
9,base,0.002,8.901,0.0,0.0,0.0,0.0,0.0,0.0,0.0
10,S1,0.002,8.901,3.96,0.007564907663,-0.001386017831,-2.4170471e-05,0.00034383316,0.002951902124,0.00020908054
11,base,7.502,16.151,0.0,0.0,0.0,0.0,0.0,0.0,0.0
12,S1,7.502,16.151,3.96,0.009993454849,0.000248894229,8.2628258e-05,-7.5042293e-05,0.0035886899,0.000697186119
13,base,17.502,16.151,0.0,0.0,0.0,0.0,0.0,0.0,0.0
14,S1,17.502,16.151,3.96,0.00993999573,-1.4574417e-05,-5.0585249e-05,1.9721298e-05,0.003235926325,9.7158982e-05
15,base,27.471,0.001,0.0,0.0,0.0,0.0,0.0,0.0,0.0
16,S1,27.471,0.001,3.96,0.008682225859,1.820176e-05,-3.8504324e-05,-1.460669e-05,0.003555745592,0.000269776213
17,P1,7.502,0.001,7.92,0.02773450974,0.000794935659,5.2146919e-05,-0.000167166821,0.004559951646,-0.000773704019
18,P1,17.502,0.001,7.92,0.027405140472,-6.9421966e-05,-5.06362e-05,3.71976e-07,0.004507759559,-0.000706007757
19,P1,17.502,8.901,7.92,0.03955295322,-6.2976335e-05,0.000178757324,-1.0592992e-05,0.006156442869,-0.000204896289
20,P1,7.502,8.901,7.92,0.049683397153,0.000790061251,0.000143789564,-0.000137245008,0.008169060875,-7.4545234e-05
21,P1,0.002,8.901,7.92,0.022440645456,-0.003320953339,-4.7124752e-05,0.000300268736,0.003729446616,0.000468247924
22,P1,7.502,16.151,7.92,0.027006756376,0.000766741073,0.000135257641,-0.000114411254,0.003605785573,0.001631658015
23,P1,17.502,16.151,7.92,0.027056443729,-7.5113788e-05,-9.1684784e-05,6.36291e-07,0.003291941866,0.000198912492
24,P1,27.471,0.001,7.92,0.026190617795,7.4222065e-05,-6.2086331e-05,-6.407817e-06,0.004782996332,0.000400578392
25,P2,7.502,0.001,11.88,0.048130561264,0.001414612772,7.0609471e-05,-0.00017039661,0.004037813795,-0.001266255283
26,P2,17.502,0.001,11.88,0.048207537391,-8.0887823e-05,-7.6645561e-05,-1.6123631e-05,0.003915956458,-0.000564614963
27,P2,17.502,8.901,11.88,0.064681373763,-7.1820037e-05,0.000228161599,-2.8283397e-05,0.004884559508,0.000226145884
28,P2,7.502,8.901,11.88,0.083309070731,0.001428648164,0.000186298956,-0.000142079552,0.007535757086,-6.199385e-05
29,P2,0.002,8.901,11.88,0.038018328656,-0.004987427757,-6.7292046e-05,0.000195464725,0.003402938116,0.000625191321
30,P2,7.502,16.151,11.88,0.040615737021,0.001406519147,0.000159368437,-0.000136475451,0.002745150813,0.002687046158
31,P2,17.502,16.151,11.88,0.040269960949,-7.3923619e-05,-0.000119725866,-7.23759e-07,0.002545000075,0.000712126201
32,P2,27.471,0.001,11.88,0.048759619678,0.000278444584,-9.4340612e-05,-6.3932897e-05,0.00443530793,0.0001976781
33,P3,7.502,0.001,15.84,0.063313384552,0.002087984288,8.378846e-05,-0.000186216702,0.002984278806,-0.00190116671
34,P3,17.502,0.001,15.84,0.06278070606,-8.5790788e-05,-0.000103736897,3.2656701e-05,0.002678677992,-0.000616572122
35,P3,17.502,8.901,15.84,0.083684037695,-9.2957825e-05,0.000251741554,2.6215349e-05,0.003554120489,0.000542065792
36,P3,7.502,8.901,15.84,0.112380105852,0.002090881248,0.000210124787,-0.000159969081,0.006146675374,-0.000187407814
37,P3,0.002,8.901,15.84,0.050723059454,-0.005941290206,-8.3449389e-05,-1.8941685e-05,0.002478470972,0.000508387575
38,P3,7.502,16.151,15.84,0.051347898193,0.00203910021,0.000163770566,-9.0032651e-05,0.002083673982,0.003455137473
39,P3,17.502,16.151,15.84,0.050947540129,-8.4977138e-05,-0.000132844655,-1.3367519e-05,0.001811612945,0.001050829645
40,P3,27.471,0.001,15.84,0.062279363695,0.000700899032,-0.000104978729,-0.000114357542,0.002234581334,0.000230890323
41,P4,7.502,0.001,19.8,0.074679164446,0.002850041201,9.1786749e-05,-0.000162540395,0.001878573287,-0.002704731882
42,P4,17.502,0.001,19.8,0.073878745753,-0.000499980641,-0.000127576907,0.000155565503,0.002210412223,-0.000555190633
43,P4,17.502,8.901,19.8,0.096774262111,-0.000453333158,0.000259072438,4.2939185e-05,0.002208602698,0.000953223177
44,P4,7.502,8.901,19.8,0.134842561588,0.002910864428,0.000219614419,-0.000176763307,0.004444420627,-0.000634457748
45,P4,0.002,8.901,19.8,0.05944121113,-0.0060104106,-9.5583943e-05,-5.6207849e-05,0.001744528734,2.570096e-05
46,P4,7.502,16.151,19.8,0.067534687857,0.00294522402,5.0897958e-05,3.4636366e-05,-0.000264562447,0.00974794587
47,P4,17.502,16.151,19.8,0.059003633871,-0.000444899016,-0.000148079265,-4.4957417e-05,0.000476518676,0.002057227672
49,P4,27.502,0.001,19.8,0.070799992668,0.001286335954,-0.000168676465,-0.00018136103,0.001971209142,0.000211395705
50,base,37.491,-0.0,0.0,0.0,0.0,0.0,0.0,0.0,0.0
51,S1,37.491,-0.0,3.96,0.008838005991,-0.00053862238,-3.7822962e-05,0.000219485343,0.003544552356,-0.000298554374
52,base,37.491,16.15,0.0,0.0,0.0,0.0,0.0,0.0,0.0
53,S1,37.491,16.15,3.96,0.010322944681,0.000327795407,-3.5291323e-05,0.000114805681,0.00430734359,0.000401072434
54,base,37.491,8.9,0.0,0.0,0.0,0.0,0.0,0.0,0.0
55,S1,37.491,8.9,3.96,0.014782157755,-0.001042719465,-1.1448785e-05,0.000542868318,0.006132432527,-8.4321671e-05
56,base,27.516,8.9,0.0,0.0,0.0,0.0,0.0,0.0,0.0
57,S1,27.516,8.9,3.96,0.015005300959,-0.000188166911,-4.824115e-06,9.051949e-05,0.006200137408,0.000248868569
60,base,27.516,16.15,0.0,0.0,0.0,0.0,0.0,0.0,0.0
61,S1,27.516,16.15,3.96,0.009999414979,0.00078033209,-2.8964676e-05,-0.000272410697,0.003897431323,0.000209023658
62,base,47.491,8.9,0.0,0.0,0.0,0.0,0.0,0.0,0.0
63,S1,47.491,8.9,3.96,0.015561084679,-0.000478924797,-7.523664e-06,0.000292082622,0.005982653643,0.00010876011
64,base,47.491,16.15,0.0,0.0,0.0,0.0,0.0,0.0,0.0
65,S1,47.491,16.15,3.96,0.011378789463,-0.000604192153,-7.2407562e-05,0.000308210781,0.004605931807,7.7365062e-05
66,base,57.491,16.15,0.0,0.0,0.0,0.0,0.0,0.0,0.0
67,S1,57.491,16.15,3.96,0.010259702612,-0.001361631936,-1.6369571e-05,0.000674066967,0.004318220026,0.000139407789
68,base,67.67,16.352,0.0,0.0,0.0,0.0,0.0,0.0,0.0
69,S1,67.67,16.352,3.96,0.000674992156,-0.000425050074,9.303692e-06,0.000195397393,0.000293958272,8.636148e-06
70,base,67.404,8.9,0.0,0.0,0.0,0.0,0.0,0.0,0.0
71,S1,67.404,8.9,3.96,0.013515791737,-0.001253907395,4.2369011e-05,0.000677216265,0.005484882181,0.00031730009
72,base,67.447,0.075,0.0,0.0,0.0,0.0,0.0,0.0,0.0
73,S1,67.447,0.075,3.96,0.0,0.0,0.0,0.0,0.0,0.0
74,base,57.491,0.038,0.0,0.0,0.0,0.0,0.0,0.0,0.0
75,S1,57.491,0.038,3.96,0.008625382585,1.9784738e-05,-1.7095033e-05,-7.819822e-06,0.003701874492,6.037921e-06
76,base,57.491,8.9,0.0,0.0,0.0,0.0,0.0,0.0,0.0
77,S1,57.491,8.9,3.96,0.013285063562,-0.001372417498,-6.82121e-06,0.000679945387,0.005514416242,0.000177760123
78,base,47.491,0.0,0.0,0.0,0.0,0.0,0.0,0.0,0.0
79,S1,47.491,0.0,3.96,0.009575270522,-0.000148037375,7.27791e-07,6.8013784e-05,0.003958344585,3.4819593e-05
80,base,72.491,0.038,0.0,0.0,0.0,0.0,0.0,0.0,0.0
81,S1,72.491,0.038,3.96,0.0,0.0,0.0,0.0,0.0,0.0
82,base,72.491,16.15,0.0,0.0,0.0,0.0,0.0,0.0,0.0
83,S1,72.491,16.15,3.96,0.007195259922,0.000104010225,-8.1003671e-05,0.000223228897,0.002978563847,0.000564677919
84,base,72.491,8.9,0.0,0.0,0.0,0.0,0.0,0.0,0.0
85,S1,72.491,8.9,3.96,0.012550760834,-0.000177127856,-9.1098442e-05,0.000298528609,0.005227452004,0.000260412012
86,base,44.981,16.332,0.0,0.0,0.0,0.0,0.0,0.0,0.0
87,S1,44.981,16.332,3.96,0.013986184027,0.000580669964,0.000183344667,-2.5014456e-05,0.005273411771,-0.000128506873
88,P1,37.491,-0.0,7.92,0.0250099507,-0.001311792417,-4.3674393e-05,0.000180613607,0.003200256569,-0.000260995617
89,P1,37.491,16.15,7.92,0.026936543743,-0.003129703616,-7.0582646e-05,0.001911764864,0.003177098172,0.000802144868
90,P1,37.491,8.9,7.92,0.038009100208,-0.004428156293,-2.289757e-05,0.001183190587,0.004265042777,-0.000168643342
91,P1,27.516,8.9,7.92,0.038188972701,-0.000681161079,-9.64823e-06,0.00015395316,0.004130490295,0.000497737138
93,P1,27.516,16.15,7.92,0.026459029681,0.000978891481,-3.8183459e-05,0.000292031277,0.003207756773,0.000424675974
94,P1,47.491,8.9,7.92,0.03624202921,-0.002710889539,-1.5047328e-05,0.00088537371,0.003525468164,0.000217520219
95,P1,47.491,16.15,7.92,0.027442801978,-0.002465290156,-0.000144815123,0.000634800935,0.002366274269,0.000154730123
96,P1,57.491,16.15,7.92,0.027361794768,-0.005230693016,-3.2739141e-05,0.001266378355,0.003455752295,0.000278815578
97,P1,67.67,16.352,7.92,0.01840238843,-0.006389871188,8.2058562e-05,0.002306842236,0.00202808725,0.000746772734
98,P1,67.404,8.9,7.92,0.0328173668,-0.005711476061,8.4738022e-05,0.001618010743,0.00292211279,0.000634600179
99,P1,67.447,0.075,7.92,0.0,0.0,0.0,0.0,0.0,0.0
100,P1,57.491,0.038,7.92,0.024136161621,4.4727032e-05,-3.4190065e-05,-2.604826e-06,0.003477472955,1.2075842e-05
101,P1,57.491,8.9,7.92,0.034208099025,-0.005280664947,-1.364242e-05,0.001280722198,0.003857561566,0.000355520246
102,P1,47.491,0.0,7.92,0.024399096134,-0.000485188844,1.455582e-06,9.5512168e-05,0.0026507854,6.9639186e-05
103,P1,72.491,0.038,7.92,0.0,0.0,0.0,0.0,0.0,0.0
104,P1,72.491,16.15,7.92,0.018399411656,-0.003951986624,-0.000162007341,0.002101013674,0.002024692835,0.001129355837
105,P1,72.491,8.9,7.92,0.03259979641,-0.004020181739,-0.000182196883,0.001851477791,0.003787007445,0.000520824024
106,S1,61.968,18.912,3.96,0.019843871234,-0.004887453284,-0.001142573816,0.000520401426,0.002205670861,-0.000240866199
107,P1,61.968,18.912,7.92,0.028578327844,-0.006948242933,-0.001142573816,0.000520401426,0.002205670861,-0.000240866199
108,S1,61.968,23.625,3.96,0.020979073632,-0.004887453284,0.001310078107,0.000520401426,0.002205670861,-0.000240866199
109,P1,61.968,23.625,7.92,0.029713530241,-0.006948242933,0.001310078107,0.000520401426,0.002205670861,-0.000240866199
110,S1,61.968,28.337,3.96,0.022114035163,-0.004887453284,0.003762209627,0.000520401426,0.002205670861,-0.000240866199
111,P1,61.968,28.337,7.92,0.030848491772,-0.006948242933,0.003762209627,0.000520401426,0.002205670861,-0.000240866199
116,S1,44.981,20.452,3.96,0.029786575994,0.001955786941,0.004966140895,0.00098077833,0.000560903146,-0.001261497813
117,P1,44.981,20.452,7.92,0.032007752453,-0.001928095247,0.004966140895,0.00098077833,0.000560903146,-0.001261497813
118,S1,37.491,20.452,3.96,0.028257075527,0.015563977581,0.009512177879,0.00250928086,0.000947305721,-0.001025390167
119,P1,37.491,20.452,7.92,0.032008406183,0.005627225375,0.009512177879,0.00250928086,0.000947305721,-0.001025390167
120,P1,44.981,16.332,7.92,0.027586106347,-0.001926450875,0.000366689334,0.001559490305,-0.00019508167,-0.000257013746
121,P1,37.491,0.181,7.92,0.04261353196,-0.004426300281,-0.012806291283,0.000410881506,0.001498222751,-0.000453225607
122,P2,37.491,0.181,11.88,0.050210519571,-0.0037712317,-0.012823449564,-0.000666209309,0.002279667266,-0.00061192575
123,P1,37.49,16.448,7.92,0.027993456465,0.005626874267,-0.000699015291,0.002493121795,0.002136637559,-0.000637420769
124,P2,37.49,16.448,11.88,0.038724965989,-0.004199582567,-0.000696466574,0.002477096967,0.001996620699,-0.000301357172
125,P1,37.491,9.081,7.92,0.041799787149,-0.00306965414,-0.022020391097,0.001372758806,0.005205042783,0.000742450648
126,P2,37.491,9.081,11.88,0.065340938768,-0.00377682359,-0.022044412366,-0.000606406344,0.005049230407,0.000520235172
127,P1,27.491,9.081,7.92,0.041313395188,0.000976146673,-0.007023243888,0.000133635362,0.005212770552,0.003519701193
128,P2,27.491,9.081,11.88,0.065050388892,0.00173539675,-0.007025373888,-0.000441480346,0.004604228426,0.005261501673
129,P1,27.491,0.181,7.92,0.042456659278,-0.000753935581,0.001895204002,-0.000356784134,0.00187868021,0.000193359915
130,P2,27.491,0.181,11.88,0.050592992844,0.001035030119,0.001891388369,-0.000570284723,0.002404483204,-0.000991302962
131,P1,27.491,16.332,7.92,0.027906433904,0.000429649947,-0.00968340997,-0.000277516001,0.002315247081,0.000946615468
132,P2,27.491,16.332,11.88,0.039572543971,0.001753012482,-0.009690512656,-0.000391079672,0.002558388209,0.000774377216
133,P1,47.491,9.081,7.92,0.034588206558,-0.002455393156,-0.007229680045,0.000989283063,0.001660233369,0.000219466606
134,P2,47.491,9.081,11.88,0.042606429799,-0.0056876902,-0.007236846817,0.000557218729,0.002219531927,0.000490655233
135,P1,47.49,16.448,7.92,0.027773180149,-0.002898742655,-0.002550776653,0.000853230359,0.002424087012,-0.00029552165
136,P2,47.49,16.448,11.88,0.038280249101,-0.006225353744,-0.002569003772,0.000859619825,0.002085065017,-0.000117682174
137,P1,57.491,16.332,7.92,0.027969257955,-0.007343506895,-0.009225110005,0.000263418496,0.00212908353,-9.6020409e-05
138,P2,57.491,16.332,11.88,0.038120157569,-0.008289723386,-0.009225155417,0.000198966402,0.002345819912,-3.218087e-05
139,P1,67.491,16.332,7.92,0.02795689305,-0.008278546951,-0.014667129661,0.000520401426,0.002205670861,-0.000240866199
140,P2,67.491,16.332,11.88,0.03797808346,-0.010174029617,-0.014651363195,0.000423073148,0.002249637257,8.7812468e-05
141,P1,67.491,9.082,7.92,0.03457714848,-0.006778242102,-0.016077000376,0.001211481415,0.001889932993,0.000450519797
142,P2,67.491,9.082,11.88,0.042842502408,-0.010166940455,-0.016075326039,0.000479115824,0.002067144685,0.000354248268
143,P1,67.491,0.182,7.92,0.042997118241,-0.005619971521,-0.019420966797,0.001630461819,0.001913400555,0.000642189038
144,P2,67.491,0.182,11.88,0.051301983035,-0.010152120694,-0.019424426296,0.000666885292,0.00215365943,0.000356698864
145,P1,57.491,0.182,7.92,0.043318011427,-0.005313978783,-0.013350245805,0.001073660054,0.001544500318,0.000357890783
146,P2,57.491,0.182,11.88,0.051075192512,-0.008262184057,-0.013354666292,0.000408499434,0.002101587425,0.000260612594
147,P1,57.491,9.081,7.92,0.034626544237,-0.005231424567,-0.01052371604,0.001108450204,0.001441839607,0.000413976673
148,P2,57.491,9.081,11.88,0.042009872131,-0.008275665677,-0.010530931461,0.000397465644,0.002084297033,0.000409041316
149,P1,47.491,0.182,7.92,0.043017599939,-0.002740356876,-0.011691642361,0.001004305219,0.001413256339,0.000347532188
150,P2,47.491,0.182,11.88,0.050736033817,-0.005697555094,-0.011696485334,0.000549852332,0.002159160764,0.000363744961
151,P1,72.491,0.182,7.92,0.042973836002,-0.003988074825,-0.029428259342,0.002161375346,0.002085495325,0.000715493417
152,P2,72.491,0.182,11.88,0.051335791346,-0.009182488188,-0.029448122696,0.000610589571,0.002215855918,0.000574974523
153,P1,72.491,16.332,7.92,0.018511192528,-0.006962745494,-0.024905040016,0.00068608358,0.005885292181,6.4569998e-05
154,P2,72.491,16.332,11.88,0.037903933466,-0.009191895318,-0.024934362644,0.000379405999,0.003330885613,0.000300228173
155,P2,44.981,20.452,11.88,0.037461520961,-0.006697871192,0.004937382318,0.001305239873,0.000743521961,-0.000170184289
156,P2,37.491,20.452,11.88,0.037469955391,-0.004202204434,0.009514234456,0.002528863899,0.00086267804,0.000205670158
157,P1,72.491,9.082,7.92,0.034554588417,-0.003916638195,-0.025954735514,0.002386692035,0.00206630739,0.001341998974
158,P2,72.491,9.082,11.88,0.04285275914,-0.009193829683,-0.025986107076,0.000496139504,0.002129891375,0.000809265627
159,P2,44.981,16.332,11.88,0.038418596442,-0.006701141596,0.000429383618,0.000780846769,0.001052537485,0.00040913634
160,P3,37.491,0.181,15.84,0.061775624389,-0.000828054529,-0.012828551677,-0.000796557796,0.002515219328,-0.000737888084
161,P2,37.491,16.332,11.88,0.039854892933,-0.003767782321,-0.025082872065,-0.00063696364,0.002998131339,0.002217182134
162,P3,37.491,16.332,15.84,0.05072351351,-0.00087595221,-0.025068034157,-0.000660373134,0.002105836458,0.002162319909
163,P3,37.491,9.081,15.84,0.08403792221,-0.000848378844,-0.022047782448,-0.00073744857,0.003652022012,0.000826294788
164,P3,27.491,9.081,15.84,0.08377824714,0.003765716423,-0.007024540559,-0.000565961008,0.003455793509,0.004985065042
165,P3,27.491,0.181,15.84,0.061647897593,0.003113979811,0.001889340706,-0.000614237703,0.002586900423,-0.001456044476
166,P3,27.491,16.332,15.84,0.050668394905,0.003775234423,-0.009704159504,-0.000545679879,0.002208288959,0.001070186953
167,P3,47.491,9.081,15.84,0.051509884339,-0.007654926882,-0.007236628022,0.000463176187,0.00212615529,0.000463151703
168,P2,47.491,16.332,11.88,0.038476229551,-0.005700226709,-0.004496797677,0.000456444682,0.002767074207,0.000236254149
169,P3,47.491,16.332,15.84,0.048775363666,-0.007632758616,-0.004504935008,0.000452574144,0.001876227651,-0.000163017107
170,P3,57.491,16.332,15.84,0.048607322917,-0.009224996753,-0.009236938645,0.000213355214,0.002138632101,-2.9585277e-05
171,P3,67.491,16.332,15.84,0.048440167622,-0.012004735116,-0.014653831018,0.000391876012,0.002356072571,0.00019407889
172,P3,67.491,9.082,15.84,0.051511100555,-0.012013638072,-0.016070501498,0.000371173753,0.002170805838,0.000499922823
173,P3,67.491,0.182,15.84,0.060803109989,-0.012026777321,-0.019425335828,0.000359901229,0.002223143383,0.000394191202
174,P3,57.491,0.182,15.84,0.060990087289,-0.009240589924,-0.013354725523,0.000202340387,0.00226793498,0.000288461144
175,P3,57.491,9.081,15.84,0.050764465551,-0.009232411496,-0.01054181528,0.000179064727,0.002160799986,0.000450348021
176,P3,47.491,0.182,15.84,0.061296705277,-0.007661699796,-0.011699002078,0.000456647892,0.0023345996,0.000279647785
177,P3,72.491,0.182,15.84,0.060777309868,-0.01057440984,-0.029457622966,0.000248979772,0.002274636214,0.000589041605
178,P3,72.491,16.332,15.84,0.048495105736,-0.010553099537,-0.024937120636,0.000261604849,0.00219642496,0.000410091735
179,P3,72.491,9.082,15.84,0.051511671891,-0.010561539575,-0.026008375651,0.000255363478,0.002150037446,0.000618000799
180,P4,37.491,0.181,19.8,0.070808489723,0.002188076793,-0.012829602714,-0.000832970656,0.001757011149,-0.000974142641
182,P4,37.491,16.331,19.8,0.058071917968,0.002089109464,-0.02505566593,-0.000639738896,0.001295859762,0.002175675853
183,P4,37.491,9.081,19.8,0.097967943559,0.002139356918,-0.022046506596,-0.000720138127,0.002853718092,0.000861654433
184,P4,27.491,9.081,19.8,0.097319744078,0.006136691015,-0.007023930574,-0.000568278671,0.002357174857,0.004003129919
185,P4,27.491,0.181,19.8,0.070910280026,0.005631599391,0.001887641131,-0.000758192062,0.002080804719,-0.001696617726
187,P4,27.491,16.331,19.8,0.058349167102,0.006127900972,-0.009708891416,-0.000524072034,0.001699858698,0.001506712817
188,P4,47.491,9.081,19.8,0.059981777792,-0.009406618897,-0.007239404274,0.000428971533,0.002059733332,0.000615082745
190,P4,47.491,16.331,19.8,0.057413035458,-0.009404166407,-0.004513862021,0.000448253552,0.001557030909,5.2985988e-05
192,P4,57.491,16.331,19.8,0.057159178168,-0.01002674758,-0.009238104202,0.000161594451,0.001752253593,0.000210313244
194,P4,67.491,16.331,19.8,0.05710681739,-0.013392111243,-0.014659746023,0.000278409569,0.00192886113,0.000254802875
196,P4,67.491,9.081,19.8,0.060071533384,-0.013396671379,-0.01606948719,0.00030621016,0.002068647133,0.000562595678
198,P4,67.491,0.181,19.8,0.069684523939,-0.01340005552,-0.019428466282,0.000353457628,0.002000687136,0.000426468504
200,P4,57.491,0.181,19.8,0.069849409202,-0.010042025652,-0.013355075709,0.000238968644,0.001772641167,0.000383079837
201,P4,57.491,9.081,19.8,0.059533509317,-0.010034108473,-0.010543817533,0.000232135484,0.002164527711,0.0006032013
203,P4,47.491,0.181,19.8,0.070215283103,-0.009408308361,-0.011699820471,0.000445776525,0.001671023864,0.000325933799
205,P4,72.491,0.181,19.8,0.06967429984,-0.011517688555,-0.029459691963,0.000282641762,0.002166723295,0.000617719795
207,P4,72.491,16.331,19.8,0.057103861379,-0.011505753842,-0.024934777858,0.000201371371,0.002146220872,0.000450325117
208,P3,77.391,9.081,15.84,0.051513492796,-0.007524559543,-0.036764468214,0.000269542747,0.002212084829,0.000650743803
209,P4,77.391,9.081,19.8,0.060077100224,-0.008552268818,-0.036764733882,0.000270043906,0.002212927761,0.000655853012
210,P3,77.391,16.331,15.84,0.048495138105,-0.007528900711,-0.035439962686,0.000209376384,0.002127332296,0.000627047028
211,P4,77.391,16.331,19.8,0.057102489795,-0.008553878976,-0.035438790162,0.000201256852,0.002150960599,0.00060219165
212,P3,77.391,0.181,15.84,0.060777516446,-0.007520677948,-0.040206402944,0.000347177538,0.002166399987,0.000774337334
213,P4,77.391,0.181,19.8,0.069672356218,-0.008551281189,-0.040203742109,0.000352504041,0.002214456823,0.000761487412
214,P3,57.491,20.451,15.84,0.050459244359,-0.009227213515,-0.008844057862,7.2553577e-05,0.000939600053,-0.000454783418
215,P4,57.491,20.451,19.8,0.055746312931,-0.010024217868,-0.008845066665,9.6501491e-05,0.000894824691,0.0001840128
216,P3,47.491,20.451,15.84,0.050461349022,-0.007630614372,-0.002264183209,0.000555579475,0.000892011239,-0.000347488201
217,P4,47.491,20.451,19.8,0.055747933743,-0.009406623585,-0.002265188018,0.000560737714,0.000862784951,0.000323522162
218,P3,75.041,0.181,15.84,0.056841682862,-0.009000979983,-0.033854817121,0.000256434716,0.002191115826,0.000595131056
219,P4,75.041,0.181,19.8,0.06551168709,-0.010014953046,-0.033854805675,0.000257335861,0.002192568762,0.000614402323
220,P3,75.041,16.331,15.84,0.047059637294,-0.009000981536,-0.029695910311,0.00025700005,0.002197478713,0.000613329831
221,P4,75.041,16.331,19.8,0.055759768572,-0.010014951493,-0.029695917817,0.000256975518,0.002199115903,0.000596203549
222,P3,75.041,9.081,15.84,0.051512777223,-0.009000998425,-0.03156449902,0.000258649262,0.002201335557,0.000611810907
223,P4,75.041,9.081,19.8,0.060075745648,-0.010014934604,-0.031561733123,0.000257555588,0.002205033047,0.000597722473
225,P4,72.491,9.081,19.8,0.060073992624,-0.011510001787,-0.026018366956,0.000245646259,0.002122722769,0.000586396465
226,base,27.9,3.251,0.0,0.0,0.0,0.0,0.0,0.0,0.0
227,S1,27.9,3.251,3.96,0.012555011683,-8.024054e-06,-1.840975e-06,3.750691e-06,0.005507965476,0.000852525418
228,base,27.9,12.526,0.0,0.0,0.0,0.0,0.0,0.0,0.0
229,S1,27.9,12.526,3.96,0.0,0.0,0.0,0.0,0.0,0.0
230,base,-2.623,16.5,0.0,0.0,0.0,0.0,0.0,0.0,0.0
231,S1,-2.623,16.5,3.96,0.0,0.0,0.0,0.0,0.0,0.0
232,base,27.6,3.251,0.0,0.0,0.0,0.0,0.0,0.0,0.0
233,S1,27.6,3.251,3.96,0.0,0.0,0.0,0.0,0.0,0.0
234,base,27.6,12.526,0.0,0.0,0.0,0.0,0.0,0.0,0.0
235,S1,27.6,12.526,3.96,0.0,0.0,0.0,0.0,0.0,0.0
236,base,25.2,4.741,0.0,0.0,0.0,0.0,0.0,0.0,0.0
237,S1,25.2,4.741,3.96,0.0,0.0,0.0,0.0,0.0,0.0
238,base,24.9,4.591,0.0,0.0,0.0,0.0,0.0,0.0,0.0
239,S1,24.9,4.591,3.96,0.0,0.0,0.0,0.0,0.0,0.0
240,base,26.404,3.3,0.0,0.0,0.0,0.0,0.0,0.0,0.0
241,S1,26.404,3.3,3.96,0.0,0.0,0.0,0.0,0.0,0.0
242,base,26.279,3.0,0.0,0.0,0.0,0.0,0.0,0.0,0.0
243,S1,26.279,3.0,3.96,0.0,0.0,0.0,0.0,0.0,0.0
244,base,-2.623,16.2,0.0,0.0,0.0,0.0,0.0,0.0,0.0
245,S1,-2.623,16.2,3.96,0.004749000638,0.000229339167,-0.000204826862,-8.9225486e-05,0.002268881647,-0.000165907562
246,base,-3.3,0.366,0.0,0.0,0.0,0.0,0.0,0.0,0.0
247,S1,-3.3,0.366,3.96,0.009648866937,-0.000434887485,0.000164192295,0.000203902355,0.002792439818,-0.000457214947
248,base,-3.3,15.783,0.0,0.0,0.0,0.0,0.0,0.0,0.0
249,S1,-3.3,15.783,3.96,0.007085031297,-0.000229507415,0.000137408101,0.000109781687,0.002600315849,-0.00046388924
250,base,-3.648,17.25,0.0,0.0,0.0,0.0,0.0,0.0,0.0
251,S1,-3.648,17.25,3.96,0.0,0.0,0.0,0.0,0.0,0.0
252,base,-3.9,0.366,0.0,0.0,0.0,0.0,0.0,0.0,0.0
253,S1,-3.9,0.366,3.96,0.0,0.0,0.0,0.0,0.0,0.0
254,base,-3.9,15.783,0.0,0.0,0.0,0.0,0.0,0.0,0.0
255,S1,-3.9,15.783,3.96,0.0,0.0,0.0,0.0,0.0,0.0
256,base,-3.648,14.4,0.0,0.0,0.0,0.0,0.0,0.0,0.0
257,S1,-3.648,14.4,3.96,0.006267451717,-0.002290530047,0.000205831867,-0.000730263631,0.002449613862,0.000292702364
258,base,-3.648,1.8,0.0,0.0,0.0,0.0,0.0,0.0,0.0
259,S1,-3.648,1.8,3.96,0.008982457801,-0.002236851971,0.000115061236,0.00091481585,0.003526770128,9.3473375e-05
260,base,-3.648,-1.05,0.0,0.0,0.0,0.0,0.0,0.0,0.0
261,S1,-3.648,-1.05,3.96,0.0,0.0,0.0,0.0,0.0,0.0
262,base,-2.623,0.0,0.0,0.0,0.0,0.0,0.0,0.0,0.0
263,S1,-2.623,0.0,3.96,0.005326371081,-0.001356989637,-0.000207680454,0.000616179986,0.002539000292,-0.000182585149
264,base,-2.623,-0.3,0.0,0.0,0.0,0.0,0.0,0.0,0.0
265,S1,-2.623,-0.3,3.96,0.0,0.0,0.0,0.0,0.0,0.0
266,P1,27.9,3.251,7.92,0.037026126413,-2.731473e-05,-3.68195e-06,5.690213e-06,0.006018233862,0.001705050835
267,P1,27.9,12.526,7.92,0.0,0.0,0.0,0.0,0.0,0.0
268,P1,-2.623,16.5,7.92,0.0,0.0,0.0,0.0,0.0,0.0
269,P1,27.6,3.251,7.92,0.0,0.0,0.0,0.0,0.0,0.0
270,P1,27.6,12.526,7.92,0.0,0.0,0.0,0.0,0.0,0.0
271,P1,25.2,4.741,7.92,0.0,0.0,0.0,0.0,0.0,0.0
272,P1,24.9,4.591,7.92,0.0,0.0,0.0,0.0,0.0,0.0
273,P1,26.404,3.3,7.92,0.0,0.0,0.0,0.0,0.0,0.0
274,P1,26.279,3.0,7.92,0.0,0.0,0.0,0.0,0.0,0.0
275,P1,-2.623,16.2,7.92,0.016943082742,0.000495975032,-0.000409653724,-1.8836717e-05,0.003760142154,-0.000331815125
276,P1,-3.3,0.366,7.92,0.028413431714,-0.00151660074,0.000317798396,0.000326490659,0.00368049808,-0.000866833519
277,P1,-3.3,15.783,7.92,0.020866689875,-0.000837456316,0.000270178394,0.000191571946,0.003397388959,-0.000916282181
278,P1,-3.648,17.25,7.92,0.0,0.0,0.0,0.0,0.0,0.0
279,P1,-3.9,0.366,7.92,0.0,0.0,0.0,0.0,0.0,0.0
280,P1,-3.9,15.783,7.92,0.0,0.0,0.0,0.0,0.0,0.0
281,P1,-3.648,14.4,7.92,0.018987682691,-0.005502753447,0.000362675656,-0.000915093507,0.003231274914,0.000804144776
282,P1,-3.648,1.8,7.92,0.026444785303,-0.005355956099,0.000207021185,0.001081404649,0.004333083687,0.00020026347
283,P1,-3.648,-1.05,7.92,0.0,0.0,0.0,0.0,0.0,0.0
284,P1,-2.623,0.0,7.92,0.018912280299,-0.004332332431,-0.000415360908,0.000817350079,0.004171483907,-0.000365170297
285,P1,-2.623,-0.3,7.92,0.0,0.0,0.0,0.0,0.0,0.0
286,P2,27.9,3.251,11.88,0.060858332507,-4.9847971e-05,-3.68195e-06,5.690213e-06,0.006018233862,0.001705050835
287,P2,27.9,12.526,11.88,0.0,0.0,0.0,0.0,0.0,0.0
288,P2,-2.623,16.5,11.88,0.0,0.0,0.0,0.0,0.0,0.0
289,P2,27.6,3.251,11.88,0.0,0.0,0.0,0.0,0.0,0.0
290,P2,27.6,12.526,11.88,0.0,0.0,0.0,0.0,0.0,0.0
291,P2,25.2,4.741,11.88,0.0,0.0,0.0,0.0,0.0,0.0
292,P2,24.9,4.591,11.88,0.0,0.0,0.0,0.0,0.0,0.0
293,P2,26.404,3.3,11.88,0.0,0.0,0.0,0.0,0.0,0.0
294,P2,26.279,3.0,11.88,0.0,0.0,0.0,0.0,0.0,0.0
295,P2,-2.623,16.2,11.88,0.033502866594,0.000167835146,-0.000614480586,0.000211166308,0.00447378152,-0.000497722687
296,P2,-3.3,0.366,11.88,0.048925836188,-0.002938131056,0.000457131734,0.000377394549,0.003328042123,-0.001088983324
297,P2,-3.3,15.783,11.88,0.03644054512,-0.001726862254,0.000397312752,0.000253468389,0.003579273954,-0.001152512339
298,P2,-3.648,17.25,11.88,0.0,0.0,0.0,0.0,0.0,0.0
299,P2,-3.9,0.366,11.88,0.0,0.0,0.0,0.0,0.0,0.0
300,P2,-3.9,15.783,11.88,0.0,0.0,0.0,0.0,0.0,0.0
301,P2,-3.648,14.4,11.88,0.033184984745,-0.008164201701,0.00045946601,-0.000909169106,0.003280493542,0.001193395029
302,P2,-3.648,1.8,11.88,0.044044555553,-0.007853974181,0.000268560843,0.000910095557,0.003712891928,-5.3933939e-05
303,P2,-3.648,-1.05,11.88,0.0,0.0,0.0,0.0,0.0,0.0
304,P2,-2.623,0.0,11.88,0.037167921613,-0.007282589203,-0.000623041362,0.000603510278,0.004897450846,-0.000547755446
305,P2,-2.623,-0.3,11.88,0.0,0.0,0.0,0.0,0.0,0.0
306,P3,27.9,3.251,15.84,0.084690538602,-7.2381213e-05,-3.68195e-06,5.690213e-06,0.006018233862,0.001705050835
307,P3,27.9,12.526,15.84,0.0,0.0,0.0,0.0,0.0,0.0
308,P3,-2.623,16.5,15.84,0.0,0.0,0.0,0.0,0.0,0.0
309,P3,27.6,3.251,15.84,0.0,0.0,0.0,0.0,0.0,0.0
310,P3,27.6,12.526,15.84,0.0,0.0,0.0,0.0,0.0,0.0
311,P3,25.2,4.741,15.84,0.0,0.0,0.0,0.0,0.0,0.0
312,P3,24.9,4.591,15.84,0.0,0.0,0.0,0.0,0.0,0.0
313,P3,26.404,3.3,15.84,0.0,0.0,0.0,0.0,0.0,0.0
314,P3,26.279,3.0,15.84,0.0,0.0,0.0,0.0,0.0,0.0
315,P3,-2.623,16.2,15.84,0.051348972475,-0.001387152943,-0.000819307448,0.000600783588,0.004409799745,-0.000663630249
316,P3,-3.3,0.366,15.84,0.064063855923,-0.004445453962,0.000583659097,0.000374395018,0.002000868667,-0.001054911017
317,P3,-3.3,15.783,15.84,0.052368587493,-0.002839409919,0.000518729553,0.000306154318,0.003615419212,-0.001078643075
318,P3,-3.648,17.25,15.84,0.0,0.0,0.0,0.0,0.0,0.0
319,P3,-3.9,0.366,15.84,0.0,0.0,0.0,0.0,0.0,0.0
320,P3,-3.9,15.783,15.84,0.0,0.0,0.0,0.0,0.0,0.0
321,P3,-3.648,14.4,15.84,0.046901042224,-0.008840334322,0.000503313735,-0.00083094844,0.00310343626,0.001190960666
322,P3,-3.648,1.8,15.84,0.057183251073,-0.008443723086,0.000300881728,0.000609999499,0.002399057787,-0.000397035888
323,P3,-3.648,-1.05,15.84,0.0,0.0,0.0,0.0,0.0,0.0
324,P3,-2.623,0.0,15.84,0.056503488985,-0.008564320776,-0.000830721816,-2.5339416e-05,0.004716901108,-0.000730340594
325,P3,-2.623,-0.3,15.84,0.0,0.0,0.0,0.0,0.0,0.0
326,P3,27.9,4.591,15.84,0.195990646474,0.013968892022,-0.005837797146,0.000199618673,-0.004569595631,0.031608709323
327,P4,27.9,4.591,19.8,0.174561546201,0.013173901543,-0.005837203077,0.00020100112,-0.004795911929,0.027188722178
328,P4,27.9,12.526,19.8,0.0,0.0,0.0,0.0,0.0,0.0
329,P4,-2.623,16.5,19.8,0.0,0.0,0.0,0.0,0.0,0.0
332,P4,27.6,12.526,19.8,0.0,0.0,0.0,0.0,0.0,0.0
333,P4,25.2,4.741,19.8,0.0,0.0,0.0,0.0,0.0,0.0
334,P4,24.9,4.591,19.8,0.0,0.0,0.0,0.0,0.0,0.0
335,P4,26.404,3.3,19.8,0.0,0.0,0.0,0.0,0.0,0.0
338,P4,-2.623,16.2,19.8,0.06740202067,-0.004801061685,-0.00102413431,0.001150015123,0.003568196829,-0.000829537811
339,P4,-3.3,0.366,19.8,0.073683998515,-0.005870156555,0.000701778912,0.000340368481,0.002278353412,-0.001015568478
340,P4,-3.3,15.783,19.8,0.066999380705,-0.004153116035,0.000634760107,0.00035504211,0.002663285658,-0.001030421336
341,P4,-3.648,17.25,19.8,0.0,0.0,0.0,0.0,0.0,0.0
342,P4,-3.9,0.366,19.8,0.0,0.0,0.0,0.0,0.0,0.0
343,P4,-3.9,15.783,19.8,0.0,0.0,0.0,0.0,0.0,0.0
344,P4,-3.648,14.4,19.8,0.059197914354,-0.007559998095,0.000510868603,-0.000503998289,0.002534022149,0.001877687148
345,P4,-3.648,1.8,19.8,0.065157741558,-0.007524806412,0.000307711115,0.000311103971,0.001551467899,-0.000119777379
346,P4,-3.648,-1.05,19.8,0.0,0.0,0.0,0.0,0.0,0.0
347,P4,-2.623,0.0,19.8,0.073329176375,-0.006534087972,-0.001038402271,-0.001069199003,0.003629834693,-0.000912925743
348,P4,-2.623,-0.3,19.8,0.0,0.0,0.0,0.0,0.0,0.0
349,base,27.191,-1.119,0.0,0.0,0.0,0.0,0.0,0.0,0.0
350,S1,27.191,-1.119,3.96,0.0,0.0,0.0,0.0,0.0,0.0
351,base,27.191,12.706,0.0,0.0,0.0,0.0,0.0,0.0,0.0
352,S1,27.191,12.706,3.96,0.0,0.0,0.0,0.0,0.0,0.0
353,base,27.341,-4.419,0.0,0.0,0.0,0.0,0.0,0.0,0.0
354,S1,27.341,-4.419,3.96,0.0,0.0,0.0,0.0,0.0,0.0
355,base,27.341,3.431,0.0,0.0,0.0,0.0,0.0,0.0,0.0
356,S1,27.341,3.431,3.96,0.0,0.0,0.0,0.0,0.0,0.0
357,base,27.341,12.706,0.0,0.0,0.0,0.0,0.0,0.0,0.0
358,S1,27.341,12.706,3.96,0.0,0.0,0.0,0.0,0.0,0.0
359,base,29.654,-0.3,0.0,0.0,0.0,0.0,0.0,0.0,0.0
360,S1,29.654,-0.3,3.96,0.0,0.0,0.0,0.0,0.0,0.0
361,base,41.504,-0.3,0.0,0.0,0.0,0.0,0.0,0.0,0.0
362,S1,41.504,-0.3,3.96,1.667917e-06,0.0,0.0,0.0,6.31787e-07,0.0
363,base,41.354,-0.6,0.0,0.0,0.0,0.0,0.0,0.0,0.0
364,S1,41.354,-0.6,3.96,0.0,0.0,0.0,0.0,0.0,0.0
365,base,33.941,-0.269,0.0,0.0,0.0,0.0,0.0,0.0,0.0
366,S1,33.941,-0.269,3.96,0.008674370508,-0.000194847111,4.3156197e-05,5.9811059e-05,0.000218348855,-0.000356608593
367,base,49.091,-4.419,0.0,0.0,0.0,0.0,0.0,0.0,0.0
368,S1,49.091,-4.419,3.96,0.0,0.0,0.0,0.0,0.0,0.0
369,base,48.791,-4.469,0.0,0.0,0.0,0.0,0.0,0.0,0.0
370,S1,48.791,-4.469,3.96,0.0,0.0,0.0,0.0,0.0,0.0
371,base,29.654,-0.15,0.0,0.0,0.0,0.0,0.0,0.0,0.0
372,S1,29.654,-0.15,3.96,0.0,0.0,0.0,0.0,0.0,0.0
373,base,35.904,-0.15,0.0,0.0,0.0,0.0,0.0,0.0,0.0
374,S1,35.904,-0.15,3.96,0.0,0.0,0.0,0.0,0.0,0.0
375,base,47.491,-0.15,0.0,0.0,0.0,0.0,0.0,0.0,0.0
376,S1,47.491,-0.15,3.96,5.3594468e-05,-0.000956941716,-2.40229e-07,0.000409447594,2.8844812e-05,-5.0332811e-05
377,base,37.841,8.256,0.0,0.0,0.0,0.0,0.0,0.0,0.0
378,S1,37.841,8.256,3.96,0.0,0.0,0.0,0.0,0.0,0.0
379,base,27.591,0.6,0.0,0.0,0.0,0.0,0.0,0.0,0.0
380,S1,27.591,0.6,3.96,0.002225975881,-0.000760001804,-7.38345e-07,2.1669847e-05,0.000990496002,-0.001443117542
381,base,37.341,0.6,0.0,0.0,0.0,0.0,0.0,0.0,0.0
382,S1,37.341,0.6,3.96,0.00221626485,-0.000942316608,-7.31027e-07,4.5961848e-05,0.000977790764,-0.001285012012
383,base,47.491,0.6,0.0,0.0,0.0,0.0,0.0,0.0,0.0
384,S1,47.491,0.6,3.96,0.000104023679,0.0,0.0,0.0,3.9402909e-05,0.0
385,base,37.091,0.281,0.0,0.0,0.0,0.0,0.0,0.0,0.0
386,S1,37.091,0.281,3.96,0.008588841628,0.000141285343,-9.202499e-06,-4.6370786e-05,0.00039554972,-8.8238729e-05
387,base,37.091,9.081,0.0,0.0,0.0,0.0,0.0,0.0,0.0
388,S1,37.091,9.081,3.96,0.0,0.0,0.0,0.0,0.0,0.0
389,base,37.091,16.181,0.0,0.0,0.0,0.0,0.0,0.0,0.0
390,S1,37.091,16.181,3.96,0.0,0.0,0.0,0.0,0.0,0.0
391,base,27.591,16.05,0.0,0.0,0.0,0.0,0.0,0.0,0.0
392,S1,27.591,16.05,3.96,0.009792372261,0.000346437562,-5.2557411e-05,0.00010067958,0.000973328593,-0.000777215292
393,base,37.341,16.05,0.0,0.0,0.0,0.0,0.0,0.0,0.0
394,S1,37.341,16.05,3.96,-0.000126599772,-0.000501518761,7.77882e-07,1.4831754e-05,-3.5744808e-05,3.9435476e-05
395,base,32.491,16.65,0.0,0.0,0.0,0.0,0.0,0.0,0.0
396,S1,32.491,16.65,3.96,0.0,0.0,0.0,0.0,0.0,0.0
397,base,27.491,8.7,0.0,0.0,0.0,0.0,0.0,0.0,0.0
398,S1,27.491,8.7,3.96,0.011521236224,-0.000647900463,-6.6240289e-05,-4.2172608e-05,0.002514764785,-7.4362831e-05
399,base,37.341,8.7,0.0,0.0,0.0,0.0,0.0,0.0,0.0
400,S1,37.341,8.7,3.96,0.011711628735,-0.000944779896,-1.3609184e-05,-1.8301452e-05,0.001707551544,-0.000635445269
401,base,27.591,9.45,0.0,0.0,0.0,0.0,0.0,0.0,0.0
402,S1,27.591,9.45,3.96,0.000560598853,0.000348061259,7.38091e-07,-6.6792185e-05,0.000149709252,-0.001033465982
403,base,37.341,9.45,0.0,0.0,0.0,0.0,0.0,0.0,0.0
404,S1,37.341,9.45,3.96,0.000555230672,-0.000502631945,-3.486967e-06,8.248514e-06,1.6751832e-05,0.000223266901
405,base,27.791,0.181,0.0,0.0,0.0,0.0,0.0,0.0,0.0
406,S1,27.791,0.181,3.96,0.008621976164,7.4580263e-05,8.49536e-06,-3.0667163e-05,0.000247053736,0.000231934497
407,base,27.791,9.081,0.0,0.0,0.0,0.0,0.0,0.0,0.0
408,S1,27.791,9.081,3.96,0.011857282086,0.000263770862,-2.41351e-05,-8.0340464e-05,-0.000862850693,-6.2131292e-05
409,base,27.791,16.181,0.0,0.0,0.0,0.0,0.0,0.0,0.0
410,S1,27.791,16.181,3.96,0.0,0.0,0.0,0.0,0.0,0.0
411,base,37.541,4.631,0.0,0.0,0.0,0.0,0.0,0.0,0.0
412,S1,37.541,4.631,3.96,0.0,0.0,0.0,0.0,0.0,0.0
413,base,37.541,12.706,0.0,0.0,0.0,0.0,0.0,0.0,0.0
414,S1,37.541,12.706,3.96,0.0,0.0,0.0,0.0,0.0,0.0
415,base,32.491,16.35,0.0,0.0,0.0,0.0,0.0,0.0,0.0
416,S1,32.491,16.35,3.96,0.0,0.0,0.0,0.0,0.0,0.0
417,base,32.491,14.1,0.0,0.0,0.0,0.0,0.0,0.0,0.0
418,S1,32.491,14.1,3.96,0.0,0.0,0.0,0.0,0.0,0.0
419,base,32.491,13.95,0.0,0.0,0.0,0.0,0.0,0.0,0.0
420,S1,32.491,13.95,3.96,0.002488785039,0.0,0.0,0.0,0.001209873139,0.0
421,base,30.641,13.287,0.0,0.0,0.0,0.0,0.0,0.0,0.0
422,S1,30.641,13.287,3.96,0.0,0.0,0.0,0.0,0.0,0.0
423,base,30.941,5.156,0.0,0.0,0.0,0.0,0.0,0.0,0.0
424,S1,30.941,5.156,3.96,0.0,0.0,0.0,0.0,0.0,0.0
425,base,30.941,13.187,0.0,0.0,0.0,0.0,0.0,0.0,0.0
426,S1,30.941,13.187,3.96,0.0,0.0,0.0,0.0,0.0,0.0
427,base,34.091,5.156,0.0,0.0,0.0,0.0,0.0,0.0,0.0
428,S1,34.091,5.156,3.96,0.0,0.0,0.0,0.0,0.0,0.0
429,base,34.091,13.187,0.0,0.0,0.0,0.0,0.0,0.0,0.0
430,S1,34.091,13.187,3.96,0.0,0.0,0.0,0.0,0.0,0.0
431,base,34.391,13.287,0.0,0.0,0.0,0.0,0.0,0.0,0.0
432,S1,34.391,13.287,3.96,0.0,0.0,0.0,0.0,0.0,0.0
433,base,31.241,5.256,0.0,0.0,0.0,0.0,0.0,0.0,0.0
434,S1,31.241,5.256,3.96,0.0,0.0,0.0,0.0,0.0,0.0
435,base,33.791,5.256,0.0,0.0,0.0,0.0,0.0,0.0,0.0
436,S1,33.791,5.256,3.96,0.0,0.0,0.0,0.0,0.0,0.0
437,base,32.491,4.05,0.0,0.0,0.0,0.0,0.0,0.0,0.0
438,S1,32.491,4.05,3.96,0.0,0.0,0.0,0.0,0.0,0.0
439,base,32.491,4.2,0.0,0.0,0.0,0.0,0.0,0.0,0.0
440,S1,32.491,4.2,3.96,0.0,0.0,0.0,0.0,0.0,0.0
441,base,27.666,-8.4,0.0,0.0,0.0,0.0,0.0,0.0,0.0
442,S1,27.666,-8.4,3.96,0.000407712901,0.001439761985,1.1147708e-05,-0.000315323296,2.5762006e-05,-3.5290019e-05
443,base,31.867,-8.4,0.0,0.0,0.0,0.0,0.0,0.0,0.0
444,S1,31.867,-8.4,3.96,0.000418602404,0.000867728253,-4.91867e-06,-5.4717842e-05,9.011911e-05,-0.000428044074
445,base,34.267,-8.4,0.0,0.0,0.0,0.0,0.0,0.0,0.0
446,S1,34.267,-8.4,3.96,0.0,0.0,0.0,0.0,0.0,0.0
447,base,42.854,-8.4,0.0,0.0,0.0,0.0,0.0,0.0,0.0
448,S1,42.854,-8.4,3.96,0.0,0.0,0.0,0.0,0.0,0.0
449,base,27.566,-8.55,0.0,0.0,0.0,0.0,0.0,0.0,0.0
450,S1,27.566,-8.55,3.96,-4.3387358e-05,0.000252799598,-2.1418e-08,-1.1674107e-05,9.87155e-07,-0.000186905143
451,base,31.867,-8.55,0.0,0.0,0.0,0.0,0.0,0.0,0.0
452,S1,31.867,-8.55,3.96,0.000389941113,0.001034065338,-4.667813e-06,-0.000239267797,9.9092645e-05,-0.000120385819
453,base,34.267,-8.55,0.0,0.0,0.0,0.0,0.0,0.0,0.0
454,S1,34.267,-8.55,3.96,0.0,0.0,0.0,0.0,0.0,0.0
455,base,43.004,-8.55,0.0,0.0,0.0,0.0,0.0,0.0,0.0
456,S1,43.004,-8.55,3.96,0.0,0.0,0.0,0.0,0.0,0.0
457,base,32.141,-0.219,0.0,0.0,0.0,0.0,0.0,0.0,0.0
458,S1,32.141,-0.219,3.96,0.008697315985,0.000487729668,8.5278814e-05,4.1982911e-05,-0.000241901929,-0.000407697687
459,base,47.141,0.181,0.0,0.0,0.0,0.0,0.0,0.0,0.0
460,S1,47.141,0.181,3.96,0.0,0.0,0.0,0.0,0.0,0.0
461,base,47.891,0.181,0.0,0.0,0.0,0.0,0.0,0.0,0.0
462,S1,47.891,0.181,3.96,0.0,0.0,0.0,0.0,0.0,0.0
463,base,30.004,0.0,0.0,0.0,0.0,0.0,0.0,0.0,0.0
464,S1,30.004,0.0,3.96,0.0,0.0,0.0,0.0,0.0,0.0
465,base,35.554,0.0,0.0,0.0,0.0,0.0,0.0,0.0,0.0
466,S1,35.554,0.0,3.96,0.0,0.0,0.0,0.0,0.0,0.0
467,base,29.754,-0.45,0.0,0.0,0.0,0.0,0.0,0.0,0.0
468,S1,29.754,-0.45,3.96,0.0,0.0,0.0,0.0,0.0,0.0
469,P1,32.491,13.95,7.92,0.008528012505,0.0,0.0,0.0,0.001809779333,0.0
512,S1,62.491,0.0,3.96,0.043238332201,-0.002848082552,-0.016154059437,0.001704155802,-2.3114786e-05,0.000349215964
513,P1,62.491,0.0,7.92,0.04314679765,-0.009596539529,-0.016154059437,0.001704155802,-2.3114786e-05,0.000349215964
546,P2,32.491,13.95,11.88,0.017064689013,0.0,0.0,0.0,0.002454584446,0.0
568,P3,32.491,13.95,15.84,0.027615681295,0.0,0.0,0.0,0.002832238026,0.0
580,P4,32.491,13.95,19.8,0.039163679027,0.0,0.0,0.0,0.002958122552,0.0
595,S1,-0.298,16.451,3.96,0.009784299013,-0.005189157503,0.028051896792,-7.5042293e-05,0.0035886899,0.000697186119
596,S1,4.052,16.451,3.96,0.009784299013,-0.002156397883,0.012441095726,-7.5042293e-05,0.0035886899,0.000697186119
597,S1,0.302,15.851,3.96,0.010085968921,-0.000147655865,0.01847033544,0.002389563982,0.002259870257,-0.000407355876
598,S1,3.452,15.851,3.96,0.010086264393,-0.000982606355,0.011253407538,0.001090977415,0.002345922707,6.0990584e-05
599,S1,12.202,16.451,3.96,0.009971481688,0.000764782358,-0.000949631223,-0.000131382867,-0.001657728282,-0.000224026093
600,S1,12.202,15.851,3.96,0.009964793658,-1.043658e-06,-0.001360201722,0.000375515267,-0.001504250565,0.000239258983
601,S1,22.802,16.451,3.96,0.009945347419,9.6052714e-05,0.0012812462,-1.3033485e-05,-0.001742681626,5.1806176e-05
602,S1,22.202,15.851,3.96,0.009888004051,0.000575324198,-0.003461855837,0.000632905664,-0.000948770817,0.000287839614
603,S1,22.202,9.201,3.96,0.011968288657,0.000578295122,-0.007676603908,0.000547941984,-0.000748438527,0.000198047541
604,S1,22.202,8.601,3.96,0.01176853355,-0.001989926917,-0.003329644279,-0.000973087444,-0.001665024827,-0.000271170053
605,S1,12.202,-0.299,3.96,0.009220307814,-4.4440908e-05,-0.002722579085,-0.002201822584,-0.001200551157,-0.000120500991
606,S1,12.802,8.601,3.96,0.012081589184,0.000181425718,0.015302953852,-0.002018629452,0.002136357497,-3.5363394e-05
607,S1,12.802,0.301,3.96,0.009131335082,0.000188600157,0.017473804511,0.000554072112,0.00384313474,-0.000125355964
608,S1,12.202,8.601,3.96,0.017038226781,-1.8200212e-05,-0.019299090264,0.001017365103,0.002593808193,2.8096335e-05
609,S1,22.202,-0.299,3.96,0.008930455572,-0.001993067904,-0.001638611629,0.00021119666,-0.001468405574,-0.000210939628
610,S1,22.802,0.301,3.96,0.00854207407,-0.002213211287,0.012518409425,-0.002143764899,0.00219566459,0.000211493064
612,S1,4.052,11.736,3.96,0.014025906059,-0.000415072855,0.01307375379,-0.002301105082,0.004125631145,0.001388388408
613,S1,3.452,12.036,3.96,0.00882508825,-0.000978903952,0.00165296541,0.003160011763,0.002158549102,-0.00039503954
614,S1,4.052,9.201,3.96,0.01698471438,-0.00041868675,0.019376885804,-0.002444453451,0.005131025925,0.000745297321
615,S1,4.052,8.601,3.96,0.016912584647,0.001813687467,0.022266670811,0.001001164501,0.00628921072,-0.000762362377
616,S1,4.052,4.116,3.96,0.012713861552,0.001815245907,0.017104023813,0.001215362428,0.004964120082,-0.000994803423
617,S1,3.452,8.601,3.96,0.007603449019,-0.000972313231,-0.006945910522,0.001184548412,0.001448131176,-2.9435729e-05
618,S1,3.452,4.416,3.96,0.008095895225,-0.000962671838,-0.005624373409,-0.001284735534,0.00136982473,0.000171911241
619,S1,4.052,0.301,3.96,0.009420085684,0.001816571536,0.012773256147,0.000993050561,0.003836980554,-0.00064861304
620,S1,3.452,-0.299,3.96,0.00938925017,-0.000952662766,0.002102635616,-0.001387377337,-0.001181613997,0.000324760183
621,S1,-0.298,-0.299,3.96,0.009405889443,-0.001465050286,-0.002520009089,6.1780546e-05,-0.000581841506,-7.1773034e-05
622,S1,0.302,0.301,3.96,0.009308071985,-0.001376114902,-0.001744302983,-0.000229859942,-0.000917937008,6.7366228e-05
623,S1,-0.298,4.116,3.96,0.008729651433,-0.001464617288,-0.001773857936,0.000280631744,0.000816702339,0.000252241681
624,S1,-0.298,11.736,3.96,0.007005337679,-0.001445195592,-0.000690261238,-0.000930034172,0.000958450953,0.000196339826
625,S1,-3.348,12.036,3.96,0.006931023147,-0.002204542195,0.001487961832,-0.000639896353,0.000865313563,0.000270684107
626,S1,-3.348,4.416,3.96,0.008656756644,-0.002200329099,0.001410998925,0.000549128855,0.001277219497,0.000187378619
627,S1,-0.298,15.851,3.96,0.007112740455,-0.001443557556,-0.006210790711,-0.001385093287,0.001796111415,-0.000274544292
628,S1,0.302,12.036,3.96,0.008825235987,-0.000144038443,0.008538759393,0.002782388489,0.002201575327,-0.000226914801
629,S1,0.302,4.416,3.96,0.008096134382,-0.001351252139,-0.000948589345,-0.0002978023,0.001583535884,9.2343565e-05
630,S1,-1.898,16.451,3.96,0.009784299013,-0.006304655294,0.033793800633,-7.5042293e-05,0.0035886899,0.000697186119
631,S1,-1.898,-0.299,3.96,0.009405889443,-0.001350213432,-0.003450955498,6.1780546e-05,-0.000581841506,-7.1773034e-05
632,P1,-0.298,16.451,7.92,0.026517258972,-0.011960191441,0.028226061731,-0.000114411254,0.003605785573,0.001631658015
633,P1,4.052,16.451,7.92,0.026517258972,-0.004862479077,0.01254089449,-0.000114411254,0.003605785573,0.001631658015
634,P1,0.302,15.851,7.92,0.02725121968,-0.001215026018,0.018823318141,0.002539238712,0.002344117511,-0.000762192708
635,P1,3.452,15.851,7.92,0.027251911978,-0.002420688998,0.011381250645,0.001043742574,0.002399755709,0.000503028226
636,P1,12.202,16.451,7.92,0.027048991954,0.001211680945,-0.000905372754,-0.000159355832,-0.001663301905,-0.000575174637
637,P1,12.202,15.851,7.92,0.027024080077,0.000368233708,-0.001409218339,0.000439762284,-0.001491413673,0.001113573177
638,P1,22.802,16.451,7.92,0.027546297328,-0.003537394634,-0.006131162876,-0.000109899212,1.9664444e-05,-8.4943523e-05
639,P1,22.202,15.851,7.92,0.026783655182,-0.004797428323,-0.00085905334,0.000598662475,-0.001608590458,0.001083161142
640,P1,22.202,9.201,7.92,0.040467098402,-0.004827930943,-0.004949462347,0.000571494043,-0.001695941227,0.000628069236
641,P1,22.202,8.601,7.92,0.038852790509,-0.005588918904,-0.003031490346,-0.000551803261,-0.002376114866,-0.000507502448
642,P1,12.202,-0.299,7.92,0.027608283295,0.000260618105,-0.003415679233,-0.002666631751,-0.00165644974,-0.000396379589
643,P1,12.802,8.601,7.92,0.039450814244,0.001403167594,0.01927776363,-0.002579262915,0.002749256747,-0.000128975316
644,P1,12.802,0.301,7.92,0.027507648728,0.001421350556,0.023456623034,0.000484359131,0.005113397296,-0.000836438358
645,P1,12.202,8.601,7.92,0.049661097887,0.000326427278,-0.023442045301,0.001267065817,0.003154500514,0.000188030896
646,P1,22.202,-0.299,7.92,0.026887824783,-0.005586262274,-0.002485847867,0.000232849078,-0.001981611683,-0.000727801591
647,P1,22.802,0.301,7.92,0.04233971531,-0.005325932573,0.007808127204,-0.001478023177,0.000839633401,0.001192204088
649,P1,4.052,11.736,7.92,0.040449089158,-0.000523780377,0.015054824086,-0.003110403298,0.004795153012,0.004420990787
650,P1,3.452,12.036,7.92,0.025167744376,-0.002401273021,0.000787479613,0.003560844784,0.002318655843,-0.000745263263
651,P1,4.052,9.201,7.92,0.049547772623,-0.000538491441,0.023464308795,-0.003241941206,0.006172841537,0.002092363159
652,P1,4.052,8.601,7.92,0.04931992686,0.004937879368,0.027295315305,0.001102545871,0.007712604957,-0.002107538571
653,P1,4.052,4.116,7.92,0.037456833185,0.004941813555,0.021592269918,0.001344181269,0.006254988704,-0.002836039692
654,P1,3.452,8.601,7.92,0.022529750572,-0.002374816424,-0.008842797646,0.001254515388,0.001859326988,-5.0626422e-05
655,P1,3.452,4.416,7.92,0.023985783598,-0.002339337548,-0.006659566927,-0.001654401284,0.001734724204,0.000472113812
656,P1,4.052,0.301,7.92,0.028098717571,0.004945160026,0.016807770047,0.001094299317,0.005015121145,-0.00181918107
657,P1,3.452,-0.299,7.92,0.027959429388,-0.002305256958,0.002979455685,-0.001707279644,-0.001540181717,0.0008174835
658,P1,-0.298,-0.299,7.92,0.027962568291,-0.003532270321,-0.003176609972,0.000139087576,-0.000806835835,-9.8854529e-05
659,P1,0.302,0.301,7.92,0.027776361233,-0.003246497526,-0.002021475141,-0.000272641089,-0.001212799483,0.000207436206
660,P1,-0.298,4.116,7.92,0.025858744613,-0.003538737276,-0.002041805184,0.000366796922,0.000959830804,0.000688168894
661,P1,-0.298,11.736,7.92,0.02099917839,-0.003470875987,-0.001123070322,-0.001224522845,0.00129881337,0.000497149622
662,P1,-3.348,12.036,7.92,0.020821439026,-0.005270270016,0.001913441205,-0.000792162309,0.001189759952,0.000711117094
663,P1,-3.348,4.416,7.92,0.025686770114,-0.005269320263,0.001757039376,0.000674930425,0.001541478074,0.00044371513
664,P1,-0.298,15.851,7.92,0.020927259133,-0.003465153681,-0.008125650203,-0.00173172211,0.002399398981,-0.000588017863
665,P1,0.302,12.036,7.92,0.025168090525,-0.001205058614,0.008149827012,0.003028796762,0.002346474942,-0.000267405859
666,P1,0.302,4.416,7.92,0.023985610568,-0.00322326079,-0.000737438014,-0.000457827258,0.002005318439,0.000210183904
667,P1,-1.898,16.451,7.92,0.026517258972,-0.014570844264,0.033995318648,-0.000114411254,0.003605785573,0.001631658015
668,P1,-1.898,-0.299,7.92,0.027962568291,-0.003374103075,-0.004467547308,0.000139087576,-0.000806835835,-9.8854529e-05
669,P2,-0.298,16.451,11.88,0.039809623174,-0.019552440887,0.021530602142,-0.000136475451,0.002745150813,0.002687046158
670,P2,4.052,16.451,11.88,0.039809623174,-0.007863790098,0.009589196106,-0.000136475451,0.002745150813,0.002687046158
671,P2,0.302,15.851,11.88,0.041018325714,-0.004052393671,0.014674492775,0.00202847321,0.001858940587,-0.000446077934
672,P2,3.452,15.851,11.88,0.041019162294,-0.003714706193,0.008801325826,0.000711836699,0.001880987622,0.001429072089
673,P2,12.202,16.451,11.88,0.040476844745,0.003509317539,-0.00064371399,-0.000145795387,-0.001261987935,-0.001000425071
674,P2,12.202,15.851,11.88,0.040444534706,0.00053836838,-0.00124903715,0.000639814799,-0.001115297896,0.002130057194
675,P2,22.802,16.451,11.88,0.039833186071,0.003106052856,-0.004961761236,-0.000138047807,0.000171715135,-0.000179246298
676,P2,22.202,15.851,11.88,0.040067855832,-0.00248023907,-0.004773192941,-9.113849e-05,8.2688009e-05,0.001995067827
677,P2,22.202,9.201,11.88,0.064866409638,-0.002493419357,-0.004148292625,-0.00010293928,-0.001177550174,0.001315443993
678,P2,22.202,8.601,11.88,0.064915311854,0.001025479799,-0.003789146529,-0.000863257137,-0.001242198316,-0.001616253874
679,P2,12.202,-0.299,11.88,0.048111039441,0.000506484327,-0.00311004733,-0.002484442797,-0.001429557585,-0.000725571883
680,P2,12.802,8.601,11.88,0.064502211333,0.002505992318,0.015212518994,-0.002191829634,0.002127100641,-0.000187782429
681,P2,12.802,0.301,11.88,0.048382478417,0.002522789025,0.019927898478,0.000224787913,0.004315263803,-0.001370763349
682,P2,12.202,8.601,11.88,0.083258693882,0.000539907923,-0.021846518526,0.00112517969,0.003005290261,0.000507947024
683,P2,22.202,-0.299,11.88,0.048415704654,0.001035998984,-0.001891155294,0.000155939831,-0.001790069171,-1.3386641e-05
684,P2,22.802,0.301,11.88,0.050574663888,1.993768e-05,0.010167972013,-0.001935314227,0.001371786855,-0.000118162924
686,P2,4.052,11.736,11.88,0.066584377096,-4.3719944e-05,0.013314829112,-0.003089518268,0.004260176474,0.008235252404
687,P2,3.452,12.036,11.88,0.040598943901,-0.003663060019,5.9544085e-05,0.003016561091,0.001889148785,-0.000448637507
688,P2,4.052,9.201,11.88,0.083139993091,-7.4535146e-05,0.021584592978,-0.003173345546,0.005647392952,0.003568525328
689,P2,4.052,8.601,11.88,0.082730412154,0.008031847342,0.025184034307,0.001070236851,0.007092784425,-0.003387238635
690,P2,4.052,4.116,11.88,0.06368571628,0.008038576523,0.0196429317,0.00130648125,0.005680703576,-0.004547306875
691,P2,3.452,8.601,11.88,0.038148748994,-0.003602935242,-0.008108342701,0.001033412219,0.00170713643,5.6679481e-05
692,P2,3.452,4.416,11.88,0.040941353197,-0.003527458936,-0.005941611727,-0.001500102944,0.001609659984,0.000816423855
693,P2,4.052,0.301,11.88,0.048712426811,0.008044300453,0.014994175399,0.001062432572,0.00447956903,-0.002898596861
694,P2,3.452,-0.299,11.88,0.048438418206,-0.003458243661,0.002661033568,-0.001511568186,-0.001362039747,0.001288279005
695,P2,-0.298,-0.299,11.88,0.048410940196,-0.005349469703,-0.002786563971,0.000152153762,-0.000702251111,2.2036127e-05
696,P2,0.302,0.301,11.88,0.048186269364,-0.004720563376,-0.001742369129,-0.000224548766,-0.001066461675,0.000449154642
697,P2,-0.298,4.116,11.88,0.043962517987,-0.005362992298,-0.001699920955,0.000334265949,0.000846183754,0.001237418418
698,P2,-0.298,11.736,11.88,0.036224940166,-0.005174462513,-0.001354835782,-0.001260035604,0.00134213359,0.000628991663
699,P2,-3.348,12.036,11.88,0.035965188229,-0.007812895345,0.001904081515,-0.000743696832,0.001264940162,0.001116595476
700,P2,-3.348,4.416,11.88,0.043715910385,-0.007816593137,0.00163560047,0.000617129374,0.001348424281,0.000478556725
701,P2,-0.298,15.851,11.88,0.036518969628,-0.005167444896,-0.008484793953,-0.001751642073,0.002545883763,-0.000838634247
702,P2,0.302,12.036,11.88,0.040599362191,-0.004037263711,0.006036334788,0.002484013093,0.001900172302,0.00030193245
703,P2,0.302,4.416,11.88,0.040939577156,-0.00480744707,-0.000455080715,-0.000451288783,0.001854974587,0.000321379654
704,P2,-1.898,16.451,11.88,0.039809623174,-0.02385171474,0.025922843443,-0.000136475451,0.002745150813,0.002687046158
705,P2,-1.898,-0.299,11.88,0.048410940196,-0.005384727506,-0.003910165749,0.000152153762,-0.000702251111,2.2036127e-05
706,P3,-0.298,16.451,15.84,0.050311356951,-0.024910972082,0.016389417832,-9.0032651e-05,0.002083673982,0.003455137473
707,P3,4.052,16.451,15.84,0.050311356951,-0.009881124073,0.00732543601,-9.0032651e-05,0.002083673982,0.003455137473
708,P3,0.302,15.851,15.84,0.051885026816,-0.006597355439,0.011278654825,0.001501629604,0.001419189587,-0.000112181647
709,P3,3.452,15.851,15.84,0.051885955488,-0.004715328622,0.006782278893,0.000447108661,0.001445818094,0.002317329093
710,P3,12.202,16.451,15.84,0.051198526713,0.004385409038,-0.000625544347,-0.000115628388,-0.000911499225,-0.001360402948
711,P3,12.202,15.851,15.84,0.051137573232,-0.000339643815,-0.001168036082,0.000626094547,-0.000801147265,0.002987837233
712,P3,22.802,16.451,15.84,0.050711945498,0.002604971061,-0.004597679116,-0.000232590155,0.000450502201,2.5633581e-05
713,P3,22.202,15.851,15.84,0.051010617769,0.000147668874,-0.004234171103,-9.1903012e-05,0.000354670141,0.002698425648
714,P3,22.202,9.201,15.84,0.083651559522,0.000132654935,-0.003704151991,-8.6661573e-05,-0.000584084152,0.002122221927
715,P3,22.202,8.601,15.84,0.083881674053,-0.000302612782,-0.003366428174,-0.000879423817,-0.000642758587,-0.001928855495
716,P3,12.202,-0.299,15.84,0.06305314389,-0.00046600128,-0.002538481932,-0.002041366813,-0.000970095558,-0.001139752993
717,P3,12.802,8.601,15.84,0.083511332384,0.002312298224,0.010811755023,-0.001605960439,0.001439873138,-0.000111341757
718,P3,12.802,0.301,15.84,0.062947498685,0.002336745474,0.013789847148,0.00024592699,0.003008447106,-0.001621933503
719,P3,12.202,8.601,15.84,0.112228956541,-0.000369641677,-0.017953514189,0.000879998635,0.002520168233,0.000557793228
720,P3,22.202,-0.299,15.84,0.062634201869,-0.000383847706,-0.002093596124,0.000214980094,-0.001007433513,-0.000229921006
721,P3,22.802,0.301,15.84,0.061537551975,-0.001853095725,0.011036478203,-0.002038924577,0.001579030857,0.000374015584
723,P3,4.052,11.736,15.84,0.088822644803,0.000588125297,0.010844356575,-0.002568043816,0.003443986837,0.011719435528
724,P3,3.452,12.036,15.84,0.053165007287,-0.004636358282,0.000333154731,0.002270599291,0.001420710682,-0.000139909023
725,P3,4.052,9.201,15.84,0.112190764537,0.000543286798,0.017686770643,-0.002622067399,0.004616715547,0.00492501279
726,P3,4.052,8.601,15.84,0.111550582793,0.011560943832,0.02051111621,0.000966384306,0.005744455884,-0.004763513253
727,P3,4.052,4.116,15.84,0.084995810953,0.011570555945,0.01548932292,0.001185565238,0.004469696739,-0.006319704339
728,P3,3.452,8.601,15.84,0.050856374415,-0.004547348397,-0.005806371843,0.000754320681,0.00120087535,8.5309347e-05
729,P3,3.452,4.416,15.84,0.054100886571,-0.004433774901,-0.004092499886,-0.001150816408,0.00125448531,0.000951995219
730,P3,4.052,0.301,15.84,0.064145997083,0.011578732134,0.011277620139,0.000959150372,0.00338536984,-0.004062018564
731,P3,3.452,-0.299,15.84,0.063705882858,-0.004328117186,0.002475783334,-0.001174428998,-0.00085702379,0.001603568849
732,P3,-0.298,-0.299,15.84,0.06366246904,-0.006395075221,-0.001182206445,3.9970736e-05,-0.000534048979,0.00017307066
733,P3,0.302,0.301,15.84,0.063451164257,-0.005566512096,-0.000442989131,-0.000254342298,-0.00069517454,0.000544749795
734,P3,-0.298,4.116,15.84,0.05792491884,-0.006403116823,-0.000741111946,0.000166619356,0.000523725705,0.0014332657
735,P3,-0.298,11.736,15.84,0.049908867598,-0.006030708844,-0.001684292481,-0.001231745919,0.001295327659,0.000272194372
736,P3,-3.348,12.036,15.84,0.049669455487,-0.008490738656,0.001672892955,-0.000615873017,0.001289772517,0.001174218558
737,P3,-3.348,4.416,15.84,0.057710436784,-0.008503875489,0.001344633997,0.000475932743,0.000860047204,0.000232509194
738,P3,-0.298,15.851,15.84,0.052436841765,-0.006030788744,-0.008516654964,-0.001661580868,0.002601087315,-0.001056244337
739,P3,0.302,12.036,15.84,0.053165471623,-0.006577469094,0.004837368913,0.001860280196,0.001434024936,0.00086725544
740,P3,0.302,4.416,15.84,0.054097740953,-0.005737418191,0.000166974497,-0.000423134662,0.001433096668,0.000333989326
741,P3,-1.898,16.451,15.84,0.050311356951,-0.03043919204,0.019723296204,-9.0032651e-05,0.002083673982,0.003455137473
742,P3,-1.898,-0.299,15.84,0.06366246904,-0.006671988276,-0.002036684812,3.9970736e-05,-0.000534048979,0.00017307066
743,P4,-0.298,16.451,19.8,0.064610304096,-0.073088753766,-0.002002298222,3.4636366e-05,-0.000264562447,0.00974794587
744,P4,4.052,16.451,19.8,0.064610304096,-0.030685189231,-0.000851451576,3.4636366e-05,-0.000264562447,0.00974794587
745,P4,0.302,15.851,19.8,0.069597886785,-0.007389816085,-0.006922971072,-0.001625827244,-0.000652747936,-0.003057929728
746,P4,3.452,15.851,19.8,0.069660440097,-0.012107536852,-0.003819988993,-0.000989646016,-0.001105283237,0.001138641181
747,P4,9.692,16.451,19.8,0.064610304096,0.024293225475,0.000640680627,3.4636366e-05,-0.000264562447,0.00974794587
748,P4,10.492,16.451,19.8,0.05838646557,-0.014866064995,0.003178829428,-4.4957417e-05,0.000476518676,0.002057227672
749,P4,12.802,16.451,19.8,0.05838646557,-0.010113869074,0.002078071287,-4.4957417e-05,0.000476518676,0.002057227672
750,P4,9.692,15.851,19.8,0.070459071618,0.024293225475,0.000619898808,3.4636366e-05,-0.000264562447,0.00974794587
751,P4,10.492,15.851,19.8,0.059213749507,-0.01666320576,-0.000591046495,0.000665903343,-0.000199314799,0.006967247232
752,P4,12.202,15.851,19.8,0.059213749507,-0.004749212993,-0.000250218188,0.000665903343,-0.000199314799,0.006967247232
753,P4,19.692,16.451,19.8,0.058433938029,0.003297960618,-0.0013514278,-9.5809995e-05,0.000615287596,0.001175651977
754,P4,20.492,16.451,19.8,0.058413478778,0.004042062806,-0.001870607261,-0.000135188319,0.000684236621,0.000702977438
755,P4,22.802,16.451,19.8,0.05835440269,0.004627258196,-0.003727252378,-0.000248893227,0.000936384856,-4.311914e-05
756,P4,19.692,15.851,19.8,0.059003705969,-0.00037548334,-0.00133617943,-5.7137616e-05,0.000622320826,-0.000947199295
757,P4,20.492,15.851,19.8,0.058999161404,-0.001010087936,-0.001854625549,-4.6430781e-05,0.000673772529,-0.000510513673
758,P4,22.202,15.851,19.8,0.058989447395,0.000627446936,-0.003100516011,-2.3544923e-05,0.000783309035,0.003014227518
759,P4,22.202,9.201,19.8,0.096902894589,0.000611232633,-0.00317492841,6.54216e-06,5.596777e-06,0.002858604704
760,P4,22.202,8.601,19.8,0.097245697484,0.005509937139,-0.002765613046,-0.001326084058,-1.7930235e-05,-0.001515655986
761,P4,12.202,-0.299,19.8,0.07414332764,-0.004511366466,7.6441595e-05,-0.001520495851,-0.001043541008,-0.001543772583
762,P4,12.802,8.601,19.8,0.096837988912,-0.001677219879,0.005605270127,-0.000613322311,0.000508690117,0.000266015404
763,P4,12.802,0.301,19.8,0.074411302165,-0.001698933248,0.002354813729,0.000625759227,-6.0160969e-05,-0.001916767358
764,P4,12.202,8.601,19.8,0.134313849976,-0.004607954604,-0.012690851636,0.000507513526,0.001766155909,-0.000407137012
765,P4,22.202,-0.299,19.8,0.070790478096,0.005515883551,0.008966685832,-0.00118759803,0.001506576464,-0.002206614143
766,P4,22.802,0.301,19.8,0.070941125325,0.0036698186,0.010125387935,-0.00164056407,0.001551930308,-0.000487310349
767,P4,25.392,16.451,19.8,0.058288165865,0.004598370744,-0.006618593913,-0.000376380548,0.001312825458,0.000213396991
768,P4,26.192,16.451,19.8,0.058267706614,0.004886863374,-0.007722745842,-0.000415758871,0.00144912993,0.000526208527
769,P4,25.392,15.851,19.8,0.058930479938,0.004277353977,-0.006356891587,-0.000431116783,0.001276081514,0.00035282174
770,P4,26.192,15.851,19.8,0.05891569186,0.004671536835,-0.007433432337,-0.000533329162,0.001416388324,0.000700477901
771,P4,20.067,0.301,19.8,0.074045302943,-0.001924044615,-0.005750614608,0.000155565503,0.002210412223,-0.000555190633
772,P4,20.867,0.301,19.8,0.072114446582,0.008461713432,0.010265406594,-0.00118759803,0.001506576464,-0.002206614143
773,P4,20.067,-0.299,19.8,0.073712188563,-0.001924044615,-0.00584395391,0.000155565503,0.002210412223,-0.000555190633
774,P4,20.867,-0.299,19.8,0.070790478096,0.008461713432,0.010977965412,-0.00118759803,0.001506576464,-0.002206614143
775,P4,24.767,0.301,19.8,0.070933801652,0.00491380022,0.006923191613,-0.001258167424,0.001721234042,0.001217181857
776,P4,25.567,0.301,19.8,0.070930820004,0.005832019446,0.005509979765,-0.001102484311,0.001814104723,0.00098947959
777,P4,24.767,-0.299,19.8,0.070786792882,0.001844991071,0.004898180005,-0.000725108991,0.001675946735,-0.000741536005
778,P4,25.567,-0.299,19.8,0.070785643498,0.001395725513,0.003531681754,-0.000580862896,0.001741291005,-0.000389979589
779,P4,15.567,-0.299,19.8,0.074087085583,-0.001719829364,0.002216536956,-0.000186695689,0.000367742502,0.001277561331
780,P4,14.767,-0.299,19.8,0.074095638309,-0.002719337696,0.002318017777,-0.000180827571,-8.7628403e-05,0.001150468963
781,P4,10.367,-0.299,19.8,0.074153524112,-0.002021083148,-0.001411813377,-0.00084420712,-0.00046018692,-0.001271776749
782,P4,9.567,-0.299,19.8,0.074157969441,-0.000982665246,-0.001598323047,-0.000549367346,1.6406916e-05,-0.001343530219
783,P4,4.052,9.201,19.8,0.133945626098,-0.006873233449,0.012265678683,-0.002741571095,0.003069822342,0.007841542002
784,P4,4.052,8.601,19.8,0.133768416006,0.015460748486,0.014819341381,0.000792330584,0.004117694437,-0.004803719984
785,P4,5.767,0.301,19.8,0.075495967999,0.007659467427,0.003503813482,0.000273382642,0.00207719602,-0.003223375128
786,P4,6.567,0.301,19.8,0.075487852368,0.005331316631,0.00187922147,3.5193853e-05,0.001981892727,-0.002699970697
787,P4,4.052,0.301,19.8,0.075513365884,0.015529119792,0.007209362919,0.000783999857,0.002233154893,-0.006427272202
788,P4,5.767,-0.299,19.8,0.074136623762,0.004306991597,0.001366726422,-0.000608631044,-0.000271322158,0.000796852131
789,P4,6.567,-0.299,19.8,0.074154946361,0.004406816175,0.001296677629,-0.000687273967,0.000481443419,-0.000635695662
790,P4,3.452,-0.299,19.8,0.074083602743,0.000266038187,-0.0007526203,-0.000381058084,-0.001266570365,0.001953967693
791,P4,2.567,-0.299,19.8,0.074073643991,-0.001378953904,-0.001888540929,-0.000136447913,-0.001282774157,0.001775975534
792,P4,1.767,-0.299,19.8,0.07406464173,-0.00275701407,-0.002889835164,8.4668625e-05,-0.001205991825,0.001679345731
793,P4,-0.298,-0.299,19.8,0.074019736135,-0.006097984748,-0.004673192233,0.000273877834,-0.000295430629,0.001474090235
794,P4,0.302,0.301,19.8,0.073080027761,-0.005154035036,-0.004349815185,0.000495370712,-0.001045661226,0.001698848945
795,P4,3.452,9.201,19.8,0.059934762965,-0.012037294793,-0.004416143147,0.000466751759,0.000978222592,-0.001574015342
796,P4,3.452,8.601,19.8,0.05996893809,0.000195692776,-0.005235794731,-0.000488679828,0.001338066601,0.001993832479
797,P4,5.592,16.451,19.8,0.064610304096,-0.015673352592,-0.000444025407,3.4636366e-05,-0.000264562447,0.00974794587
798,P4,6.392,16.451,19.8,0.064610304096,-0.007874995896,-0.000232375449,3.4636366e-05,-0.000264562447,0.00974794587
799,P4,5.592,15.851,19.8,0.069696241105,-0.008450565427,-0.001335253598,-0.000543556724,-0.001082475232,0.003136456925
800,P4,6.392,15.851,19.8,0.069709624659,-0.005162193635,-0.000548015015,-0.000376794372,-0.000866835426,0.005204289874
801,P4,15.292,16.451,19.8,0.05838646557,-0.004991372171,0.000891539784,-4.4957417e-05,0.000476518676,0.002057227672
802,P4,16.092,16.451,19.8,0.05838646557,-0.003345590034,0.000510324843,-4.4957417e-05,0.000476518676,0.002057227672
803,P4,15.292,15.851,19.8,0.059160311277,-3.6778728e-05,0.000275296615,0.000181365229,-3.5058863e-05,-0.001299482687
804,P4,16.092,15.851,19.8,0.059146476137,-0.000978850733,0.000247802757,5.5918468e-05,0.000110882859,-0.000880239071
805,P4,-3.348,12.492,19.8,0.062794452393,-0.006994791675,0.000990326915,-0.000573136507,0.001237981368,0.001581220751
806,P4,-3.748,13.242,19.8,0.061187093657,-0.007733197703,0.001271812227,-0.000420222858,0.001944977627,0.001547793229
807,P4,-3.748,11.736,19.8,0.06314725839,-0.007735077589,0.001772128049,-0.000238806349,0.001145957846,0.001042811377
808,P4,-3.348,8.351,19.8,0.065064531441,-0.007518609127,0.001604915999,7.1274822e-05,0.000984958215,0.000215870893
809,P4,-3.348,6.801,19.8,0.065297805998,-0.007531347553,0.00140280904,0.000186122587,0.000942295407,9.2372782e-05
810,P4,-3.348,4.416,19.8,0.065372291406,-0.007550948292,0.000785927641,0.000323162149,0.000876649731,-1.2759548e-05
811,P4,-3.748,7.551,19.8,0.065193128779,-0.007581015743,0.001916854352,0.000146512218,0.001012227193,0.000123112287
812,P4,-3.348,3.467,19.8,0.065328380459,-0.007551645636,0.000479051441,0.000320607659,0.001140147042,-7.4438185e-05
813,P4,-3.748,2.667,19.8,0.065254803446,-0.007514237146,0.000720922014,0.000320344071,0.001327146079,-0.000104600169
814,P4,-0.298,12.036,19.8,0.062983971899,-0.005813021585,-0.001567749811,-0.001081254652,0.000733962374,-0.001016659523
815,P4,-0.298,4.416,19.8,0.065372580977,-0.006123998358,-0.001493527132,0.000687748925,0.000637166463,0.001357415858
816,P4,3.452,12.036,19.8,0.063059125589,-0.012062892396,-0.00324561578,0.000237247895,0.000329686096,-0.001890557715
817,P4,0.302,11.736,19.8,0.062551059371,-0.006642172448,-0.001725854938,-0.001040648142,0.000597488812,-0.001378271786
818,P4,3.452,4.416,19.8,0.065383061859,0.00022501894,-0.003152422307,-0.000426381368,0.00032408908,0.001563974136
819,P4,0.302,4.116,19.8,0.065893011251,-0.005144053646,-0.002032092944,0.000607115268,0.000398684696,0.001852992553
820,P4,-0.298,10.317,19.8,0.060508779998,-0.005794414107,-0.000122864745,-0.000588967136,0.001314989716,-0.001332723621
821,P4,-0.298,11.117,19.8,0.061682422395,-0.005798998663,-0.000685216663,-0.000804492469,0.000970404037,-0.001524400826
822,P4,-0.298,13.917,19.8,0.065460188171,-0.005828947406,-0.004086450546,-0.0014427171,0.000587022182,-0.001438665164
823,P4,-0.298,14.717,19.8,0.066638513416,-0.005830366269,-0.005246341405,-0.001442641875,0.000517343388,-0.001509032096
824,P4,-0.298,15.851,19.8,0.067295959743,-0.005828092081,-0.006850774134,-0.001301815101,0.001837202899,-0.000156821824
825,P4,-0.298,7.017,19.8,0.060966679012,-0.006154458587,4.9001982e-05,0.00038959107,0.001359278596,0.001431693761
826,P4,-0.298,7.817,19.8,0.059996553213,-0.006158096502,0.00030007306,0.000230283642,0.001580004595,0.000957805069
827,P4,4.052,11.736,19.8,0.105963758025,-0.006853791079,0.004918438759,-0.00290706147,0.001462607255,0.012646151821
828,P4,4.052,4.116,19.8,0.108650677589,0.015497693703,0.010677198886,0.000979620516,0.003099361925,-0.008061134971
829,P4,-1.729,16.451,19.8,0.064610304096,-0.087038064305,-0.002380887084,3.4636366e-05,-0.000264562447,0.00974794587
830,P4,-1.349,-0.299,19.8,0.074019736135,-0.007647253585,-0.004983689824,0.000273877834,-0.000295430629,0.001474090235
831,P4,-1.644,0.301,19.8,0.073529736608,-0.007125021156,-0.004115514254,-0.001640413621,0.001900538345,-9.7100472e-05
836,S1,27.141,-10.439,3.96,-0.000386840583,0.000330128911,1.9464042e-05,1.5502569e-05,0.000107975425,-0.000156989774
837,S1,39.131,-10.639,3.96,-0.000416286755,-0.000757810695,-0.002468578661,0.000222677157,0.000255523004,-9.6421494e-05
838,S1,40.631,-10.639,3.96,-0.000414715812,-0.000872755362,-0.002840608749,0.000247386356,0.000237972691,-5.9348297e-05
839,S1,48.841,-10.639,3.96,-0.000413925603,-0.000973362647,-0.004547207676,0.000371490348,0.000189519419,-9.175459e-06
840,S1,30.554,-10.439,3.96,-0.000385380751,9.3309903e-05,-0.000419754774,6.9432833e-05,0.000152914714,-1.2053821e-05
841,S1,33.967,-10.439,3.96,-0.000383920919,4.1233975e-05,-0.001048292619,0.000123363098,0.000218915377,-4.8731304e-05
842,S1,37.391,-10.439,3.96,-0.000382456381,-0.000448888259,-0.001941399444,0.000177467178,0.000306292063,-0.000268019379
843,S1,40.031,-10.439,3.96,-0.000400633018,-0.000832473526,-0.002647703472,0.000233887631,0.000245211023,-7.3301831e-05
844,S1,44.051,-10.439,3.96,-0.000410639353,-0.000946598208,-0.003545777607,0.000319777591,0.000208701878,1.914696e-06
845,S1,47.391,-10.439,3.96,-0.000410886455,-0.000952301288,-0.004199659035,0.000393869873,0.000183913893,-1.7963466e-05
848,S1,37.391,-8.369,3.96,0.00043849989,-0.00044880242,-0.001573551529,0.00017858328,0.000497910809,-0.000547606582
849,S1,37.391,-4.269,3.96,0.004794070883,-0.000446440251,-0.000729405923,0.000221853448,0.001989884493,-0.001296148241
850,S1,39.891,-8.369,3.96,-0.000248898228,-0.00082221127,-0.002129226533,0.000233887631,0.000245211023,-7.3301831e-05
851,S1,39.891,-5.339,3.96,-2.6793681e-05,-0.00082221127,-0.001420547012,0.000233887631,0.000245211023,-7.3301831e-05
852,S1,47.391,-8.369,3.96,-0.000354919115,-0.00095220667,-0.003373151304,0.000404109176,0.000152508347,-3.517951e-05
853,S1,47.391,-7.474,3.96,-0.000320799148,-0.00095216576,-0.003009925513,0.000407460304,0.00013892962,-4.0892043e-05
854,S1,48.741,-8.569,3.96,-0.000394932403,-0.000972445101,-0.003759270714,0.000371490348,0.000189519419,-9.175459e-06
856,S1,29.891,-8.369,3.96,0.0,0.0,0.0,0.0,0.0,0.0
857,S1,29.891,-2.064,3.96,0.0,0.0,0.0,0.0,0.0,0.0
858,S1,29.891,-10.439,3.96,0.0,0.0,0.0,0.0,0.0,0.0
860,S1,39.891,-0.569,3.96,0.000322856051,-0.00082221127,-0.000304903014,0.000233887631,0.000245211023,-7.3301831e-05
861,S1,32.391,-3.169,3.96,0.006274450811,0.000282399358,1.7869543e-05,3.4949104e-05,-0.00016569323,-0.001124130213
862,S1,32.591,-8.369,3.96,0.000428973703,5.7573315e-05,-0.000130727154,3.4949104e-05,-0.00016569323,-0.001124130213
863,S1,32.391,-10.439,3.96,-0.001897975839,0.000282399358,-0.000236210446,3.4949104e-05,-0.00016569323,-0.001124130213
864,S1,42.391,-5.339,3.96,0.0,0.0,0.0,0.0,0.0,0.0
865,S1,42.391,-10.439,3.96,0.0,0.0,0.0,0.0,0.0,0.0
866,S1,42.391,-0.569,3.96,0.0,0.0,0.0,0.0,0.0,0.0
871,P1,42.791,9.2,7.92,0.04171641224,-0.001989145233,-0.03106384993,0.004467714063,-0.000449832747,0.000583967187
872,P1,44.681,9.2,7.92,0.041707362805,-0.002398498493,-0.029818126888,0.00528877763,-0.000757990858,0.000160685117
873,P1,42.791,8.6,7.92,0.037445686352,-0.008820582837,-0.000767437556,0.001331189343,-0.001908868814,0.000533021652
874,P1,52.791,9.2,7.92,0.034630718084,-0.004524948619,-0.008828960107,0.001498481867,-0.000339361412,0.000312259305
875,P1,52.791,8.6,7.92,0.035132295277,-0.009520019061,0.000511293445,0.001464071471,-0.001751389345,0.000289672404
876,P1,62.791,9.2,7.92,0.034612292005,-0.005180131986,-0.012728504406,0.000569107189,5.5167317e-05,0.000343189205
877,P1,62.791,8.6,7.92,0.03348957317,-0.009285913631,-0.00103326575,0.001696922651,-0.001638330881,0.000450709186
878,P1,42.791,0.3,7.92,0.042793949707,-0.008794279523,-0.011913218546,0.001278385026,-0.000937325523,0.000548441189
879,P1,52.791,0.3,7.92,0.043186588447,-0.00948598174,-0.01201082567,0.001476547574,-0.000536012846,0.000261733339
880,P1,42.791,15.85,7.92,0.027422983899,-0.001939404396,-0.002610865834,0.003820079973,-0.000995028083,0.000985611896
881,P1,52.791,15.85,7.92,0.02733075694,-0.004524803323,0.001254765157,0.001461207265,-0.001354031177,0.000351445357
882,P1,62.791,15.85,7.92,0.027518766928,-0.0051733489,-0.009319784244,0.000527547212,0.000715501224,0.000316475761
883,P1,67.191,15.8,7.92,0.031550556483,-0.006913398042,-0.007371288333,0.001211481415,0.001889932993,0.000450519797
884,P1,27.191,3.8,7.92,0.041077680295,-0.000866941005,0.001453374946,-0.000259058275,0.002778026386,0.000527154152
885,P1,27.791,4.0,7.92,0.040627884679,-0.000544283366,-0.001899903547,0.00015395316,0.004130490295,0.000497737138
886,P1,67.603,26.326,7.92,0.030364109846,-0.008305523966,-0.009713272943,0.000520401426,0.002205670861,-0.000240866199
887,P1,65.041,16.52,7.92,0.028002175895,-0.007688424763,-0.009165400583,0.000520401426,0.002205670861,-0.000240866199
888,P1,65.041,18.762,7.92,0.028542197914,-0.007688424763,-0.007998660585,0.000520401426,0.002205670861,-0.000240866199
889,P1,67.491,18.762,7.92,0.028542197914,-0.008278546951,-0.013402554195,0.000520401426,0.002205670861,-0.000240866199
890,P1,45.281,9.2,7.92,0.034622248309,-0.001692937947,-0.003922337402,0.000263515541,0.001329625916,-9.8081648e-05
896,P2,42.791,9.381,11.88,0.042471932278,-0.007908709661,0.00193465564,0.000189242543,0.001803710404,0.000590665334
897,P2,44.681,9.381,11.88,0.042474173702,-0.006879326123,-0.001518092949,0.000172123384,0.001840646122,0.000518755384
898,P2,42.191,9.381,11.88,0.065029574409,0.000821962013,-0.043233763007,-0.000690440215,0.004145328407,0.001305229654
899,P2,52.791,9.381,11.88,0.041875019138,-0.010408305156,-0.000535885598,0.000333894402,0.00211802625,0.0005899639
900,P2,52.191,9.381,11.88,0.042450535681,-0.003231518067,-0.017881028337,0.000285548849,0.002327266389,0.000614584188
901,P2,62.791,9.381,11.88,0.042903358449,-0.009170373444,-0.008769482491,-0.000470861931,0.001268422075,0.00012922243
902,P2,62.191,9.381,11.88,0.042088990611,-0.009523086186,-0.018071461262,0.00093760976,0.001403192135,3.8248965e-05
903,P2,42.791,0.481,11.88,0.050593493374,-0.007911703297,-0.001332307937,0.000469808041,0.002165189066,0.000714667487
904,P2,42.191,0.481,11.88,0.049936958149,0.000768713557,-0.026425670597,-0.002253171544,0.003088304309,4.1314191e-05
905,P2,52.791,0.481,11.88,0.050936368799,-0.010411340774,-0.003397194687,0.000327229319,0.002093917281,0.000789762569
906,P2,52.191,0.481,11.88,0.050577617402,-0.003229761394,-0.021606012631,0.00049442401,0.002140114501,0.000763785621
907,P2,62.791,0.481,11.88,0.051357616913,-0.00918989144,-0.008973165334,0.000325488244,0.002176923535,0.000153328012
908,P2,62.191,0.481,11.88,0.051147868486,-0.009502534156,-0.023280675224,0.000405711854,0.002125585502,0.000177711539
909,P2,42.791,16.031,11.88,0.038583465525,-0.007903117425,0.002691114235,0.000215157984,0.001130132699,0.000609464328
910,P2,42.191,16.031,11.88,0.040174540995,0.000862591509,-0.041881240546,0.000525521536,0.003869917456,0.002270206971
911,P2,52.791,16.031,11.88,0.038254643295,-0.010403460984,0.001608304154,0.00030436373,0.002299720075,0.000620592729
912,P2,52.191,16.031,11.88,0.038633526209,-0.003234513062,-0.016966023318,0.000102751174,0.002560015807,0.000621069427
913,P2,62.191,16.031,11.88,0.038001610681,-0.009568500973,-0.012160472873,0.000166379994,-0.000249343752,0.000239379815
914,P2,27.191,3.982,11.88,0.061451196341,0.001905832539,-0.000780892652,-0.001153224557,0.003046802523,-0.003762343851
915,P2,27.791,4.182,11.88,0.252121682354,0.013180543558,-0.006243830202,-0.000441480346,0.004604228426,0.054647464321
916,P2,44.831,18.157,11.88,0.037070948019,-0.006672343549,0.002053385105,0.001305239873,0.000743521961,-0.000170184289
917,P2,37.341,18.162,11.88,0.039241492182,-0.004154680348,0.003846774112,0.002477096967,0.001996620699,-0.000301357172
918,P2,52.191,16.631,11.88,0.038006651623,-0.007055709429,-0.005451752313,0.000590639844,0.000720612497,-0.000225876699
919,P2,52.191,18.641,11.88,0.038460663787,-0.007055709429,-0.004264566227,0.000590639844,0.000720612497,-0.000225876699
920,P2,57.191,18.641,11.88,0.038458594481,-0.008245716709,-0.00824546245,0.000247487973,0.001051055001,-0.000216573567
921,P2,57.791,18.941,11.88,0.038526800411,-0.008336246422,-0.009348628175,0.000136242151,0.001222671378,-0.000221622496
922,P2,47.191,18.641,11.88,0.038462791401,-0.00620045661,-5.9579341e-05,0.000971892335,0.001086203885,-8.9834134e-05
923,P3,42.791,9.381,15.84,0.051384179577,-0.009657564442,0.002750738688,0.000325206812,0.002089635932,0.000517648325
924,P3,39.991,9.381,15.84,0.083339629799,0.003559274357,-0.029483973234,0.000559707117,0.000356635627,0.003516726441
925,P3,42.191,9.381,15.84,0.083348674073,0.008947060189,-0.030625700855,0.000641660401,0.00066541791,0.001951721907
926,P3,39.391,9.381,15.84,0.08345806778,0.002772882926,-0.029032894037,-0.000257457016,0.003543901202,0.003148760447
927,P3,52.791,9.381,15.84,0.050803125678,-0.008623896638,-0.003118765992,-0.000599496384,0.001279964006,8.5718188e-05
928,P3,52.191,9.381,15.84,0.051579006565,-0.008733930013,-0.014678744662,0.0012677694,0.001378436227,2.4355154e-05
929,P3,62.791,9.381,15.84,0.051360149694,-0.014414535598,-0.005760738389,0.000329793803,0.002177541925,0.000587220657
930,P3,62.191,9.381,15.84,0.050636788111,-0.007193469412,-0.020755827948,0.000262644156,0.002199715747,0.000519606033
931,P3,42.791,0.481,15.84,0.061166573159,-0.009662727492,-0.000628232373,0.000414175392,0.002315373214,0.000807197407
932,P3,42.191,0.481,15.84,0.061183472922,0.008857269822,-0.025761950827,-0.001106231077,0.002690578634,0.000631901145
933,P3,52.791,0.481,15.84,0.061021815027,-0.008643198492,-0.002381449579,0.000183778719,0.002306828971,0.000362227075
934,P3,52.191,0.481,15.84,0.061357044558,-0.008713009353,-0.022566239572,0.000660499772,0.002317113463,0.000255292979
935,P3,62.791,0.481,15.84,0.060648709963,-0.01441863331,-0.008863347865,0.000358458594,0.002223104826,0.000810466774
936,P3,62.191,0.481,15.84,0.060856459856,-0.007187873835,-0.023777710314,0.000355484978,0.002219964601,0.000840270508
937,P3,39.991,16.631,15.84,0.049301701195,0.003603025433,-0.026985684163,-4.298826e-05,-0.003362167353,0.001652613005
938,P3,39.391,16.631,15.84,0.050151631589,0.00275215063,-0.028591833321,0.000375416997,0.001680689247,0.002192380835
939,P3,42.791,16.031,15.84,0.048902477358,-0.009650145439,0.004498895709,0.000253773507,0.001973678435,0.000549378266
940,P3,42.191,16.031,15.84,0.050785553656,0.008989599607,-0.020614428791,0.001525333324,-0.002937016856,0.00374781659
941,P3,52.191,16.031,15.84,0.04865050933,-0.008778521923,-0.006707905772,0.000312124722,-0.000231893346,0.000117449606
942,P3,62.791,16.031,15.84,0.048592426812,-0.014409785635,-0.003695889211,0.000309323216,0.002342686096,0.000529612606
943,P3,62.191,16.031,15.84,0.048734469018,-0.00720034436,-0.019288793752,0.000200522528,0.002123280946,0.000457086425
944,P3,27.191,3.982,15.84,0.075543724473,0.004220110805,-0.000811239128,-0.001135781815,0.002866384901,-0.004799068211
945,P3,39.991,18.641,15.84,0.046166925038,0.003635366103,-0.027488693855,-0.000223625152,-4.1258073e-05,0.001603914632
946,P3,39.391,18.641,15.84,0.046168358862,0.00271667213,-0.027495319433,0.000451894604,4.2674438e-05,0.001582507169
947,P3,37.791,18.641,15.84,0.046184578114,-0.000299824782,-0.026820632875,-0.00056316313,0.000929826969,0.001925244988
948,P3,37.191,18.641,15.84,0.046185015654,-0.001448143043,-0.026294127447,-0.00064131475,0.000818613441,0.00186074753
949,P3,37.191,19.241,15.84,0.045112610606,-0.001447858456,-0.026670544555,-0.000614234316,0.000534509896,0.001763928457
950,P3,39.991,19.241,15.84,0.045132518729,0.003635081516,-0.027631240687,-0.000250705586,0.00016967637,0.001794113906
951,P3,68.341,16.631,15.84,0.048387872338,-0.011847668857,-0.016452616409,0.000264422119,0.002120407023,0.000193586466
952,P4,42.791,9.381,19.8,0.059829786605,-0.011823870393,0.002034534805,0.000372232514,0.00188672741,0.000548208562
953,P4,42.191,9.381,19.8,0.097556040878,0.008146224387,-0.033932396767,-0.000493653419,0.002298390116,0.001710387263
954,P4,52.791,9.381,19.8,0.059374534099,-0.012562563532,-0.000779306186,0.000209158429,0.00200848724,0.000570728612
955,P4,52.191,9.381,19.8,0.059829747815,-0.006988813852,-0.016417464675,0.000492144567,0.001934207688,0.000548349145
956,P4,62.791,9.381,19.8,0.059909845736,-0.015960178791,-0.006477065446,0.000255940908,0.00200196163,0.000599357774
957,P4,62.191,9.381,19.8,0.059374499175,-0.007505311134,-0.020319797863,0.00027732692,0.00205364243,0.000570829444
958,P4,42.791,0.481,19.8,0.070058085562,-0.011828224012,-0.00328150853,0.000676228962,0.001798610264,0.000900208584
959,P4,42.191,0.481,19.8,0.070458831751,0.008065132611,-0.022708063211,-0.001542201837,0.002158486997,-0.000331549184
960,P4,52.791,0.481,19.8,0.069685502956,-0.012567254888,-0.004521980481,0.000489487472,0.001899668994,0.000904427841
961,P4,52.191,0.481,19.8,0.070057839312,-0.006984478808,-0.019702940545,0.000325600886,0.001761507377,0.000900988976
962,P4,62.791,0.481,19.8,0.069518555729,-0.015964302735,-0.009761218922,0.000416742111,0.002045543123,0.000852467289
963,P4,62.191,0.481,19.8,0.069684488678,-0.007500694507,-0.021872558451,0.000138251548,0.001857198292,0.000907713695
964,P4,42.791,16.031,19.8,0.057564541828,-0.011816902384,0.003330152269,0.000139756476,0.001756900227,0.000533436555
965,P4,42.191,16.031,19.8,0.058498525397,0.008201237105,-0.033126881722,0.000323991237,0.001951832247,0.003803519768
966,P4,52.791,16.031,19.8,0.057317991934,-0.012556487461,-0.000505672887,-2.3024925e-05,0.001920333185,0.000485058912
967,P4,52.191,16.031,19.8,0.057564269912,-0.006995765691,-0.012439710284,0.000630772818,0.001709907565,0.000532619301
968,P4,62.791,16.031,19.8,0.057268390699,-0.015955265755,-0.005386324709,0.000133560801,0.002012683611,0.000527051352
969,P4,62.191,16.031,19.8,0.057317095206,-0.007511332332,-0.017930428115,0.00037637463,0.001879649094,0.0004824425
970,P4,27.191,3.981,19.8,0.085739389249,0.006805236757,-0.001232384545,-0.001137277165,0.002182544847,-0.005114589375
971,P4,47.341,17.701,19.8,0.057340444654,-0.009412114305,-0.003666200019,0.000448253552,0.001557030909,5.2985988e-05
972,P4,57.341,17.701,19.8,0.056871049024,-0.010058294567,-0.008753881766,0.000161594451,0.001752253593,0.000210313244
973,P4,75.73,0.031,19.8,0.065603847439,-0.009591629845,-0.035404085931,0.000257335861,0.002192568762,0.000614402323
974,P4,74.35,16.181,19.8,0.055849199104,-0.010426928145,-0.028214875056,0.000256975518,0.002199115903,0.000596203549
975,P4,75.732,16.181,19.8,0.055849199104,-0.00960297484,-0.031254053233,0.000256975518,0.002199115903,0.000596203549
976,P4,74.352,0.031,19.8,0.065603847439,-0.010438276246,-0.032382726177,0.000257335861,0.002192568762,0.000614402323
977,P4,74.35,8.931,19.8,0.060165404019,-0.010427960833,-0.030076688626,0.000257555588,0.002205033047,0.000597722473
978,P4,75.732,8.931,19.8,0.060165404019,-0.009601908375,-0.033124044297,0.000257555588,0.002205033047,0.000597722473
