slab_id,floor,floor_id,slab_number,cad_label,center_x,center_y,bbox_xmin,bbox_xmax,bbox_ymin,bbox_ymax,area_m2,effective_area_m2,receiver_beam_ids,opening_ids,thickness_cm,thickness_status,load_type_id,load_status,status,collapsed_bay,member_slab_ids,notes
E1_F01_L100,1,1,100,CAD_1_slab_label_0254,38.694,17.699,37.64997300186819,40.00002726889397,16.620136558017784,18.862410962594332,5.269,5.269,E1_F01_B0058;E1_F01_B0059;E1_F01_B0061,,0,PENDIENTE_CONFIRMAR,,PENDIENTE_CONFIRMAR,PENDIENTE_CONFIRMAR,,,
E1_F01_L101,1,1,101,CAD_1_slab_label_0255,36.842,22.283,,,,,0.0,0.0,,,0,PENDIENTE_CONFIRMAR,,PENDIENTE_CONFIRMAR,PENDIENTE_CONFIRMAR,,,SIN poligono: borde diagonal de cubierta (ver imagen L101 annotation).
E1_F01_L102,1,1,102,CAD_1_slab_label_0256,13.787,17.939,10.000027268910799,17.490027268916155,16.15013655801746,20.27013655807317,30.859,30.859,E1_F01_B0044;E1_F01_B0056;E1_F01_B0063;E1_F01_B0064,,0,PENDIENTE_CONFIRMAR,,PENDIENTE_CONFIRMAR,PENDIENTE_CONFIRMAR,,,
E1_F01_L103,1,1,103,CAD_1_slab_label_0257,37.494,11.527,35.00002726883262,40.00002726889416,8.899969902690422,16.150136558017536,36.251,36.251,E1_F01_B0032;E1_F01_B0038;E1_F01_B0048;E1_F01_B0050,,0,PENDIENTE_CONFIRMAR,,PENDIENTE_CONFIRMAR,PENDIENTE_CONFIRMAR,,,
E1_F01_L104,1,1,104,CAD_1_slab_label_0258,32.416,11.527,30.00002726896225,35.00002726883262,8.899969902690406,16.150136558017522,36.251,36.251,E1_F01_B0031;E1_F01_B0042;E1_F01_B0048;E1_F01_B0049,,0,PENDIENTE_CONFIRMAR,,PENDIENTE_CONFIRMAR,PENDIENTE_CONFIRMAR,,,
E1_F01_L105,1,1,105,CAD_1_slab_label_0259,27.554,11.527,25.000027268900936,30.00002726896225,8.89996990269039,16.14996990275373,36.25,36.25,E1_F01_B0030;E1_F01_B0042;E1_F01_B0047;E1_F01_B0054,,0,PENDIENTE_CONFIRMAR,,PENDIENTE_CONFIRMAR,PENDIENTE_CONFIRMAR,,,
E1_F01_L106,1,1,106,CAD_1_slab_label_0260,22.323,11.527,20.000027269033477,25.000027268900936,8.899969902690374,16.15013655801749,36.251,36.251,E1_F01_B0029;E1_F01_B0041;E1_F01_B0046;E1_F01_B0047,,0,PENDIENTE_CONFIRMAR,,PENDIENTE_CONFIRMAR,PENDIENTE_CONFIRMAR,,,
E1_F01_L107,1,1,107,CAD_1_slab_label_0261,18.728,11.527,17.490027268916155,20.000027269033477,9.199969902690366,16.14996990275369,17.445,17.445,E1_F01_B0035;E1_F01_B0036;E1_F01_B0041;E1_F01_B0053,,0,PENDIENTE_CONFIRMAR,,PENDIENTE_CONFIRMAR,PENDIENTE_CONFIRMAR,,,
E1_F01_L108,1,1,108,CAD_1_slab_label_0262,12.185,11.527,10.000027268910813,15.000027268972147,8.899969902690342,16.15013655801746,36.251,36.251,E1_F01_B0028;E1_F01_B0040;E1_F01_B0044;E1_F01_B0045,,0,PENDIENTE_CONFIRMAR,,PENDIENTE_CONFIRMAR,PENDIENTE_CONFIRMAR,,,
E1_F01_L109,1,1,109,CAD_1_slab_label_0263,37.494,4.529,35.00002726883263,40.000027268894286,-3.0097328733676483e-05,8.899969902690422,44.5,44.5,E1_F01_B0012;E1_F01_B0015;E1_F01_B0025;E1_F01_B0032,,0,PENDIENTE_CONFIRMAR,,PENDIENTE_CONFIRMAR,PENDIENTE_CONFIRMAR,,,
E1_F01_L110,1,1,110,CAD_1_slab_label_0264,32.416,4.529,30.000027268962278,35.00002726883263,-3.0097328748266253e-05,8.899969902690406,44.5,44.5,E1_F01_B0011;E1_F01_B0020;E1_F01_B0025;E1_F01_B0031,,0,PENDIENTE_CONFIRMAR,,PENDIENTE_CONFIRMAR,PENDIENTE_CONFIRMAR,,,
E1_F01_L111,1,1,111,CAD_1_slab_label_0265,27.554,4.529,25.000027268900965,30.000027268962278,0.29996990267056434,8.89996990269039,43.0,43.0,E1_F01_B0010;E1_F01_B0020;E1_F01_B0026;E1_F01_B0030,,0,PENDIENTE_CONFIRMAR,,PENDIENTE_CONFIRMAR,PENDIENTE_CONFIRMAR,,,
E1_F01_L112,1,1,112,CAD_1_slab_label_0266,22.323,4.529,20.000027269033485,25.000027268900965,0.2999699026705498,8.899969902690374,43.0,43.0,E1_F01_B0009;E1_F01_B0018;E1_F01_B0026;E1_F01_B0029,,0,PENDIENTE_CONFIRMAR,,PENDIENTE_CONFIRMAR,PENDIENTE_CONFIRMAR,,,
E1_F01_L113,1,1,113,CAD_1_slab_label_0267,17.461,4.529,15.000027268972172,20.000027269033485,0.2999699026705349,8.89996990269103,43.0,43.0,E1_F01_B0008;E1_F01_B0018;E1_F01_B0023;E1_F01_B0024,,0,PENDIENTE_CONFIRMAR,,PENDIENTE_CONFIRMAR,PENDIENTE_CONFIRMAR,,,
E1_F01_L114,1,1,114,CAD_1_slab_label_0268,12.185,4.529,10.000027268910832,15.000027268972172,0.2999699026705204,8.899969902690342,43.0,43.0,E1_F01_B0007;E1_F01_B0019;E1_F01_B0023;E1_F01_B0028,,0,PENDIENTE_CONFIRMAR,,PENDIENTE_CONFIRMAR,PENDIENTE_CONFIRMAR,,,
E1_F01_L115,1,1,115,CAD_1_slab_label_0269,8.174,11.317,2.7268939986164288e-05,10.000027268910813,8.89996990269032,16.14996990275363,72.5,71.178,E1_F01_B0027;E1_F01_B0037;E1_F01_B0040;E1_F01_B0051,E1_F01_OP01,0,PENDIENTE_CONFIRMAR,,PENDIENTE_CONFIRMAR,RESUELTO,E1_F01_L115,E1_F01_L115;E1_F01_L116,Esta observacion quedo condensada en la bahia colapsada.
E1_F01_L116,1,1,116,CAD_1_slab_label_0270,2.285,11.527,2.7268939986164288e-05,10.000027268910813,8.89996990269032,16.14996990275363,72.5,71.178,E1_F01_B0027;E1_F01_B0037;E1_F01_B0040;E1_F01_B0051,E1_F01_OP01,0,PENDIENTE_CONFIRMAR,,PENDIENTE_CONFIRMAR,RESUELTO,E1_F01_L116,E1_F01_L115;E1_F01_L116,
E1_F01_L117,1,1,117,CAD_1_slab_label_0271,4.768,7.351,2.7268939588487306e-05,10.000027268910832,-3.0097329503291493e-05,8.89996990269032,89.0,89.0,E1_F01_B0006;E1_F01_B0014;E1_F01_B0017;E1_F01_B0019;E1_F01_B0027,,0,PENDIENTE_CONFIRMAR,,PENDIENTE_CONFIRMAR,RESUELTO,E1_F01_L117,E1_F01_L117;E1_F01_L118,Esta observacion quedo condensada en la bahia colapsada.
E1_F01_L118,1,1,118,CAD_1_slab_label_0272,5.036,1.905,2.7268939588487306e-05,10.000027268910832,-3.0097329503291493e-05,8.89996990269032,89.0,89.0,E1_F01_B0006;E1_F01_B0014;E1_F01_B0017;E1_F01_B0019;E1_F01_B0027,,0,PENDIENTE_CONFIRMAR,,PENDIENTE_CONFIRMAR,RESUELTO,E1_F01_L118,E1_F01_L117;E1_F01_L118,
E1_F01_L119,1,1,119,CAD_1_slab_label_0303,16.327,10.504,15.000027268972147,17.490027268916155,9.19996990269036,16.14996990275368,17.305,17.305,E1_F01_B0034;E1_F01_B0036;E1_F01_B0045;E1_F01_B0052,,0,PENDIENTE_CONFIRMAR,,PENDIENTE_CONFIRMAR,PENDIENTE_CONFIRMAR,,,
E1_F1S_L700,1S,-1,700,CAD_1S_slab_label_0171,20.771,-9.31,20.000027269034014,21.250014882194804,-10.438567882175231,-8.568567881216124,2.337,2.337,E1_F1S_B0018;E1_F1S_B0019;E1_F1S_B0020,,0,PENDIENTE_CONFIRMAR,,PENDIENTE_CONFIRMAR,PENDIENTE_CONFIRMAR,,,
E1_F1S_L701,1S,-1,701,CAD_1S_slab_label_0172,18.453,-9.266,17.50002726891136,20.000027269034014,-10.43856788217524,-8.568567881216124,4.675,4.675,E1_F1S_B0016;E1_F1S_B0017;E1_F1S_B0018,,0,PENDIENTE_CONFIRMAR,,PENDIENTE_CONFIRMAR,PENDIENTE_CONFIRMAR,,,
E1_F1S_L702,1S,-1,702,CAD_1S_slab_label_0173,13.292,-9.266,12.500027268911364,15.000027268911362,-10.438567882175258,-8.568567881216124,4.675,4.675,E1_F1S_B0011;E1_F1S_B0014;E1_F1S_B0015,,0,PENDIENTE_CONFIRMAR,,PENDIENTE_CONFIRMAR,PENDIENTE_CONFIRMAR,,,
E1_F1S_L703,1S,-1,703,CAD_1S_slab_label_0174,10.783,-9.266,10.000027268911364,12.500027268911364,-10.43856788217528,-8.568567881216124,4.675,4.675,E1_F1S_B0008;E1_F1S_B0009;E1_F1S_B0014,,0,PENDIENTE_CONFIRMAR,,PENDIENTE_CONFIRMAR,PENDIENTE_CONFIRMAR,,,
E1_F1S_L704,1S,-1,704,CAD_1S_slab_label_0175,8.585,-9.464,7.500027268911387,10.000027268911364,-10.438567882175295,-8.468567881216082,4.925,4.925,E1_F1S_B0007;E1_F1S_B0008;E1_F1S_B0013;E1_F1S_B0022,,0,PENDIENTE_CONFIRMAR,,PENDIENTE_CONFIRMAR,PENDIENTE_CONFIRMAR,,,
E1_F1S_L705,1S,-1,705,CAD_1S_slab_label_0176,3.655,-9.266,2.60002323512764,5.000025252019511,-10.438567882175315,-8.468567881215556,4.728,4.728,E1_F1S_B0005;E1_F1S_B0012;E1_F1S_B0021;E1_F1S_B0023,,0,PENDIENTE_CONFIRMAR,,PENDIENTE_CONFIRMAR,PENDIENTE_CONFIRMAR,,,
E1_F1S_L706,1S,-1,706,CAD_1S_slab_label_0177,0.529,-9.369,-0.24997676486716047,2.400023235127632,-10.438567882175333,-8.468567881215556,5.221,5.221,E1_F1S_B0003;E1_F1S_B0004;E1_F1S_B0006;E1_F1S_B0023,,0,PENDIENTE_CONFIRMAR,,PENDIENTE_CONFIRMAR,PENDIENTE_CONFIRMAR,,,
E1_F1S_L707,1S,-1,707,CAD_1S_slab_label_0178,20.632,-4.922,20.000027269034014,21.250027268700535,-10.438567882175231,-0.5687345365393957,12.337,12.337,E1_F1S_B0020;E1_F1S_B0031,,0,PENDIENTE_CONFIRMAR,,PENDIENTE_CONFIRMAR,PENDIENTE_CONFIRMAR,,,
E1_F1S_L708,1S,-1,708,CAD_1S_slab_label_0179,18.174,-4.922,17.50002726891136,20.000027269034014,-10.43856788217524,-0.5687345365393957,24.675,24.675,E1_F1S_B0017;E1_F1S_B0030;E1_F1S_B0031,,0,PENDIENTE_CONFIRMAR,,PENDIENTE_CONFIRMAR,PENDIENTE_CONFIRMAR,,,
E1_F1S_L709,1S,-1,709,CAD_1S_slab_label_0180,16.243,-4.922,15.000027268911362,17.50002726891136,-10.438567882175258,-0.5687345365393957,24.675,24.675,E1_F1S_B0011;E1_F1S_B0029;E1_F1S_B0030,,0,PENDIENTE_CONFIRMAR,,PENDIENTE_CONFIRMAR,PENDIENTE_CONFIRMAR,,,
E1_F1S_L710,1S,-1,710,CAD_1S_slab_label_0181,11.417,-4.828,10.000027268911364,12.500027268911364,-10.43856788217528,-0.5687345365393957,24.675,24.675,E1_F1S_B0009;E1_F1S_B0027;E1_F1S_B0028,,0,PENDIENTE_CONFIRMAR,,PENDIENTE_CONFIRMAR,PENDIENTE_CONFIRMAR,,,
E1_F1S_L711,1S,-1,711,CAD_1S_slab_label_0182,6.227,-4.922,5.000025252019511,7.500027268911387,-8.468567881216082,-0.36873453653942617,20.25,20.25,E1_F1S_B0022;E1_F1S_B0025;E1_F1S_B0026;E1_F1S_B0033,,0,PENDIENTE_CONFIRMAR,,PENDIENTE_CONFIRMAR,PENDIENTE_CONFIRMAR,,,
E1_F1S_L712,1S,-1,712,CAD_1S_slab_label_0183,1.079,-4.922,-0.34997657869368803,2.400023235127632,-8.468567881215556,-0.16873453653943216,22.825,22.825,E1_F1S_B0023;E1_F1S_B0024;E1_F1S_B0035,,0,PENDIENTE_CONFIRMAR,,PENDIENTE_CONFIRMAR,PENDIENTE_CONFIRMAR,,,
E1_F1S_L713,1S,-1,713,CAD_1S_slab_label_0184,4.801,15.146,0.2500232351328253,10.000027268911314,9.081265463480413,16.331432118807527,70.689,69.367,E1_F1S_B0039;E1_F1S_B0040;E1_F1S_B0041;E1_F1S_B0042,E1_F1S_OP01,0,PENDIENTE_CONFIRMAR,,PENDIENTE_CONFIRMAR,RESUELTO,E1_F1S_L713,E1_F1S_L713;E1_F1S_L714;E1_F1S_L715,POSIBLE RAMPA/RADIER/no-suspendida; verificar contra plano 100.
E1_F1S_L714,1S,-1,714,CAD_1S_slab_label_0185,8.294,11.705,0.2500232351328253,10.000027268911314,9.081265463480413,16.331432118807527,70.689,69.367,E1_F1S_B0039;E1_F1S_B0040;E1_F1S_B0041;E1_F1S_B0042,E1_F1S_OP01,0,PENDIENTE_CONFIRMAR,,PENDIENTE_CONFIRMAR,RESUELTO,E1_F1S_L714,E1_F1S_L713;E1_F1S_L714;E1_F1S_L715,POSIBLE RAMPA/RADIER/no-suspendida; verificar contra plano 100.
E1_F1S_L715,1S,-1,715,CAD_1S_slab_label_0186,1.226,11.705,0.2500232351328253,10.000027268911314,9.081265463480413,16.331432118807527,70.689,69.367,E1_F1S_B0039;E1_F1S_B0040;E1_F1S_B0041;E1_F1S_B0042,E1_F1S_OP01,0,PENDIENTE_CONFIRMAR,,PENDIENTE_CONFIRMAR,RESUELTO,E1_F1S_L715,E1_F1S_L713;E1_F1S_L714;E1_F1S_L715,POSIBLE RAMPA/RADIER/no-suspendida; verificar contra plano 100.
E1_F1S_L716,1S,-1,716,CAD_1S_slab_label_0187,4.801,7.439,0.2500232351328455,10.000027268911342,0.13126546346056728,9.081265463480413,87.263,87.263,E1_F1S_B0036;E1_F1S_B0037;E1_F1S_B0038;E1_F1S_B0039,,0,PENDIENTE_CONFIRMAR,,PENDIENTE_CONFIRMAR,RESUELTO,E1_F1S_L716,E1_F1S_L716;E1_F1S_L717,POSIBLE RAMPA/RADIER/no-suspendida; verificar contra plano 100.
E1_F1S_L717,1S,-1,717,CAD_1S_slab_label_0188,4.801,2.245,0.2500232351328455,10.000027268911342,0.13126546346056728,9.081265463480413,87.263,87.263,E1_F1S_B0036;E1_F1S_B0037;E1_F1S_B0038;E1_F1S_B0039,,0,PENDIENTE_CONFIRMAR,,PENDIENTE_CONFIRMAR,RESUELTO,E1_F1S_L717,E1_F1S_L716;E1_F1S_L717,POSIBLE RAMPA/RADIER/no-suspendida; verificar contra plano 100.
E1_F1S_L718,1S,-1,718,CAD_1S_slab_label_0189,3.57,-4.922,2.6000232351276344,5.000025252019511,-8.468567881215556,-0.16873453653943216,19.92,19.92,E1_F1S_B0023;E1_F1S_B0025;E1_F1S_B0032;E1_F1S_B0035,,0,PENDIENTE_CONFIRMAR,,PENDIENTE_CONFIRMAR,PENDIENTE_CONFIRMAR,,,
E1_F1S_L719,1S,-1,719,CAD_1S_slab_label_0345,5.958,-9.509,5.000025252019511,7.500027268911387,-10.438567882175315,-8.468567881216082,4.925,4.925,E1_F1S_B0005;E1_F1S_B0012;E1_F1S_B0013;E1_F1S_B0022,,0,PENDIENTE_CONFIRMAR,,PENDIENTE_CONFIRMAR,PENDIENTE_CONFIRMAR,,,
E1_F1S_L720,1S,-1,720,CAD_1S_slab_label_0346,15.988,-9.476,15.000027268911362,17.50002726891136,-10.438567882175258,-8.568567881216124,4.675,4.675,E1_F1S_B0011;E1_F1S_B0015;E1_F1S_B0016,,0,PENDIENTE_CONFIRMAR,,PENDIENTE_CONFIRMAR,PENDIENTE_CONFIRMAR,,,
E1_F1S_L721,1S,-1,721,CAD_1S_slab_label_0347,8.445,-4.828,7.500027268911387,10.000027268911364,-8.468567881216082,0.13126546346056728,21.5,21.5,E1_F1S_B0022;E1_F1S_B0026;E1_F1S_B0027;E1_F1S_B0036,,0,PENDIENTE_CONFIRMAR,,PENDIENTE_CONFIRMAR,PENDIENTE_CONFIRMAR,,,
E1_F1S_L722,1S,-1,722,CAD_1S_slab_label_0348,13.543,-4.828,12.500027268911364,15.000027268911362,-10.438567882175258,-0.5687345365393957,24.675,24.675,E1_F1S_B0011;E1_F1S_B0028;E1_F1S_B0029,,0,PENDIENTE_CONFIRMAR,,PENDIENTE_CONFIRMAR,PENDIENTE_CONFIRMAR,,,
